INSERT INTO `brands` (`id`, `parent_id`, `level`, `name`, `company_id`, `company_division_id`, `created_at`, `updated_at`) VALUES
(1, NULL, 0, 'Atlas Sounds', 1, 1, '2018-12-07 16:00:55', '2018-12-07 16:00:55'),
(2, NULL, 0, 'Audio Technica', 1, 1, '2018-12-07 16:00:55', '2018-12-07 16:00:55'),
(3, NULL, 0, 'Dimer 2', 1, 1, '2018-12-07 16:00:55', '2018-12-07 16:00:55'),
(4, NULL, 0, 'Double Relay', 1, 1, '2018-12-07 16:00:55', '2018-12-07 16:00:55'),
(5, NULL, 0, 'Genelec', 1, 1, '2018-12-07 16:00:55', '2018-12-07 16:00:55'),
(6, NULL, 0, 'Klark Teknik', 1, 1, '2018-12-07 16:00:55', '2018-12-07 16:00:55'),
(7, NULL, 0, 'Klotz', 1, 1, '2018-12-07 16:00:55', '2018-12-07 16:00:55'),
(8, NULL, 0, 'Lab Gruppen', 1, 1, '2018-12-07 16:00:55', '2018-12-07 16:00:55'),
(9, NULL, 0, 'MIDAS', 1, 1, '2018-12-07 16:00:55', '2018-12-07 16:00:55'),
(10, NULL, 0, 'Motu', 1, 1, '2018-12-07 16:00:56', '2018-12-07 16:00:56'),
(11, NULL, 0, 'Rack in the case', 1, 1, '2018-12-07 16:00:56', '2018-12-07 16:00:56'),
(12, NULL, 0, 'Roylight', 1, 1, '2018-12-07 16:00:56', '2018-12-07 16:00:56'),
(13, NULL, 0, 'Sonodyne', 1, 1, '2018-12-07 16:00:56', '2018-12-07 16:00:56'),
(14, NULL, 0, 'Sonos', 1, 1, '2018-12-07 16:00:56', '2018-12-07 16:00:56'),
(15, NULL, 0, 'Tannoy', 1, 1, '2018-12-07 16:00:56', '2018-12-07 16:00:56'),
(16, NULL, 0, 'Turbosound', 1, 1, '2018-12-07 16:00:56', '2018-12-07 16:00:56'),
(17, NULL, 0, 'Xilica', 1, 1, '2018-12-07 16:00:56', '2018-12-07 16:00:56');


--
-- Dumping data for table `item_codes`
--
--
-- Dumping data for table `item_codes`
--

INSERT INTO `item_codes` (`id`, `brand_id`, `company_id`, `company_division_id`, `type_measurement_id`, `type`, `name`, `description`, `thumbnail_url`, `unit_cost`, `selling_price`, `nbt_tax_percentage`, `vat_tax_percentage`, `unit_price_with_tax`, `active`, `created_at`, `updated_at`) VALUES
(1, 1, 1, 1, NULL, 'product', 'AA240', 'sample description', 'http://itinerantnotes.com/blog/images/logo.png', 115553.36, 115553.36, 0.00, 0.00, 115553.36, 1, '2018-12-06 18:00:55', '2018-12-06 18:00:55'),
(2, 1, 1, 1, NULL, 'product', 'AT10', 'sample description', 'http://itinerantnotes.com/blog/images/logo.png', 2702.03, 2702.03, 0.00, 0.00, 2702.03, 1, '2018-12-06 18:00:55', '2018-12-06 18:00:55'),
(3, 1, 1, 1, NULL, 'product', 'AT35', 'sample description', 'http://itinerantnotes.com/blog/images/logo.png', 3336.14, 3336.14, 0.00, 0.00, 3336.14, 1, '2018-12-06 18:00:55', '2018-12-06 18:00:55'),
(4, 1, 1, 1, NULL, 'product', 'CP700', 'sample description', 'http://itinerantnotes.com/blog/images/logo.png', 115553.36, 115553.36, 0.00, 0.00, 115553.36, 1, '2018-12-06 18:00:55', '2018-12-06 18:00:55'),
(5, 1, 1, 1, NULL, 'product', 'SD72W-KIT', 'sample description', 'http://itinerantnotes.com/blog/images/logo.png', 6568.17, 6568.17, 0.00, 0.00, 6568.17, 1, '2018-12-06 18:00:55', '2018-12-06 18:00:55'),
(6, 2, 1, 1, NULL, 'product', 'AT 2021', 'sample description', 'http://itinerantnotes.com/blog/images/logo.png', 8173.59, 8173.59, 0.00, 0.00, 8173.59, 1, '2018-12-06 18:00:55', '2018-12-06 18:00:55'),
(7, 2, 1, 1, NULL, 'product', 'AT LP 120USB ', 'sample description', 'http://itinerantnotes.com/blog/images/logo.png', 34619.73, 34619.73, 0.00, 0.00, 34619.73, 1, '2018-12-06 18:00:55', '2018-12-06 18:00:55'),
(8, 2, 1, 1, NULL, 'product', 'AT2005USB', 'sample description', 'http://itinerantnotes.com/blog/images/logo.png', 7033.09, 7033.09, 0.00, 0.00, 7033.09, 1, '2018-12-06 18:00:55', '2018-12-06 18:00:55'),
(9, 2, 1, 1, NULL, 'product', 'AT2020USB', 'sample description', 'http://itinerantnotes.com/blog/images/logo.png', 16157.10, 16157.10, 0.00, 0.00, 16157.10, 1, '2018-12-06 18:00:55', '2018-12-06 18:00:55'),
(10, 2, 1, 1, NULL, 'product', 'AT831CW', 'sample description', 'http://itinerantnotes.com/blog/images/logo.png', 6652.92, 6652.92, 0.00, 0.00, 6652.92, 1, '2018-12-06 18:00:55', '2018-12-06 18:00:55'),
(11, 2, 1, 1, NULL, 'product', 'AT91BL', 'sample description', 'http://itinerantnotes.com/blog/images/logo.png', 2561.67, 2561.67, 0.00, 0.00, 2561.67, 1, '2018-12-06 18:00:55', '2018-12-06 18:00:55'),
(12, 2, 1, 1, NULL, 'product', 'AT95E/BL', 'sample description', 'http://itinerantnotes.com/blog/images/logo.png', 3941.39, 3941.39, 0.00, 0.00, 3941.39, 1, '2018-12-06 18:00:55', '2018-12-06 18:00:55'),
(13, 2, 1, 1, NULL, 'product', 'AT9945CM', 'sample description', 'http://itinerantnotes.com/blog/images/logo.png', 15955.55, 15955.55, 0.00, 0.00, 15955.55, 1, '2018-12-06 18:00:55', '2018-12-06 18:00:55'),
(14, 2, 1, 1, NULL, 'product', 'AT9946CM', 'sample description', 'http://itinerantnotes.com/blog/images/logo.png', 11687.16, 11687.16, 0.00, 0.00, 11687.16, 1, '2018-12-06 18:00:55', '2018-12-06 18:00:55'),
(15, 2, 1, 1, NULL, 'product', 'AT-HA21', 'sample description', 'http://itinerantnotes.com/blog/images/logo.png', 17540.74, 17540.74, 0.00, 0.00, 17540.74, 1, '2018-12-06 18:00:55', '2018-12-06 18:00:55'),
(16, 2, 1, 1, NULL, 'product', 'ATH-AR3BT BK', 'sample description', 'http://itinerantnotes.com/blog/images/logo.png', 10716.41, 10716.41, 0.00, 0.00, 10716.41, 1, '2018-12-06 18:00:55', '2018-12-06 18:00:55'),
(17, 2, 1, 1, NULL, 'product', 'ATH-AR3BT BL', 'sample description', 'http://itinerantnotes.com/blog/images/logo.png', 10716.41, 10716.41, 0.00, 0.00, 10716.41, 1, '2018-12-06 18:00:55', '2018-12-06 18:00:55'),
(18, 2, 1, 1, NULL, 'product', 'ATH-AR3BT RD', 'sample description', 'http://itinerantnotes.com/blog/images/logo.png', 10716.41, 10716.41, 0.00, 0.00, 10716.41, 1, '2018-12-06 18:00:55', '2018-12-06 18:00:55'),
(19, 2, 1, 1, NULL, 'product', 'ATH-AR3BT WH', 'sample description', 'http://itinerantnotes.com/blog/images/logo.png', 10716.41, 10716.41, 0.00, 0.00, 10716.41, 1, '2018-12-06 18:00:55', '2018-12-06 18:00:55'),
(20, 2, 1, 1, NULL, 'product', 'ATH-CKR50IS CG', 'sample description', 'http://itinerantnotes.com/blog/images/logo.png', 4778.11, 4778.11, 0.00, 0.00, 4778.11, 1, '2018-12-06 18:00:55', '2018-12-06 18:00:55'),
(21, 2, 1, 1, NULL, 'product', 'ATH-CKR50IS RD', 'sample description', 'http://itinerantnotes.com/blog/images/logo.png', 4785.79, 4785.79, 0.00, 0.00, 4785.79, 1, '2018-12-06 18:00:55', '2018-12-06 18:00:55'),
(22, 2, 1, 1, NULL, 'product', 'ATH-CLR100IS LG', 'sample description', 'http://itinerantnotes.com/blog/images/logo.png', 1367.75, 1367.75, 0.00, 0.00, 1367.75, 1, '2018-12-06 18:00:55', '2018-12-06 18:00:55'),
(23, 2, 1, 1, NULL, 'product', 'ATH-E40', 'sample description', 'http://itinerantnotes.com/blog/images/logo.png', 8338.08, 8338.08, 0.00, 0.00, 8338.08, 1, '2018-12-06 18:00:55', '2018-12-06 18:00:55'),
(24, 2, 1, 1, NULL, 'product', 'ATH-E50', 'sample description', 'http://itinerantnotes.com/blog/images/logo.png', 18113.37, 18113.37, 0.00, 0.00, 18113.37, 1, '2018-12-06 18:00:55', '2018-12-06 18:00:55'),
(25, 2, 1, 1, NULL, 'product', 'ATH-HA26D', 'sample description', 'http://itinerantnotes.com/blog/images/logo.png', 26410.18, 26410.18, 0.00, 0.00, 26410.18, 1, '2018-12-06 18:00:55', '2018-12-06 18:00:55'),
(26, 2, 1, 1, NULL, 'product', 'ATH-J100 BK (EX)', 'sample description', 'http://itinerantnotes.com/blog/images/logo.png', 788.96, 788.96, 0.00, 0.00, 788.96, 1, '2018-12-06 18:00:55', '2018-12-06 18:00:55'),
(27, 2, 1, 1, NULL, 'product', 'ATH-J100 LGR ', 'sample description', 'http://itinerantnotes.com/blog/images/logo.png', 788.96, 788.96, 0.00, 0.00, 788.96, 1, '2018-12-06 18:00:55', '2018-12-06 18:00:55'),
(28, 2, 1, 1, NULL, 'product', 'ATH-J100 MX', 'sample description', 'http://itinerantnotes.com/blog/images/logo.png', 788.96, 788.96, 0.00, 0.00, 788.96, 1, '2018-12-06 18:00:55', '2018-12-06 18:00:55'),
(29, 2, 1, 1, NULL, 'product', 'ATH-S100IS BGR (EX)', 'sample description', 'http://itinerantnotes.com/blog/images/logo.png', 2607.43, 2607.43, 0.00, 0.00, 2607.43, 1, '2018-12-06 18:00:55', '2018-12-06 18:00:55'),
(30, 2, 1, 1, NULL, 'product', 'ATH-SPORT1IS PK(Ex)', 'sample description', 'http://itinerantnotes.com/blog/images/logo.png', 3056.77, 3056.77, 0.00, 0.00, 3056.77, 1, '2018-12-06 18:00:55', '2018-12-06 18:00:55'),
(31, 2, 1, 1, NULL, 'product', 'ATH-SPORT1IS RD(Ex)', 'sample description', 'http://itinerantnotes.com/blog/images/logo.png', 3048.16, 3048.16, 0.00, 0.00, 3048.16, 1, '2018-12-06 18:00:55', '2018-12-06 18:00:55'),
(32, 2, 1, 1, NULL, 'product', 'ATH-SPORT3 BK (EX)', 'sample description', 'http://itinerantnotes.com/blog/images/logo.png', 4225.64, 4225.64, 0.00, 0.00, 4225.64, 1, '2018-12-06 18:00:55', '2018-12-06 18:00:55'),
(33, 2, 1, 1, NULL, 'product', 'ATH-SPORT3 RD (EX)', 'sample description', 'http://itinerantnotes.com/blog/images/logo.png', 4198.53, 4198.53, 0.00, 0.00, 4198.53, 1, '2018-12-06 18:00:55', '2018-12-06 18:00:55'),
(34, 2, 1, 1, NULL, 'product', 'AT-LP60USB RD (SG)', 'sample description', 'http://itinerantnotes.com/blog/images/logo.png', 16348.24, 16348.24, 0.00, 0.00, 16348.24, 1, '2018-12-06 18:00:55', '2018-12-06 18:00:55'),
(35, 2, 1, 1, NULL, 'product', 'ATR-3350IS', 'sample description', 'http://itinerantnotes.com/blog/images/logo.png', 2509.10, 2509.10, 0.00, 0.00, 2509.10, 1, '2018-12-06 18:00:55', '2018-12-06 18:00:55'),
(36, 2, 1, 1, NULL, 'product', 'ATR6250', 'sample description', 'http://itinerantnotes.com/blog/images/logo.png', 3497.57, 3497.57, 0.00, 0.00, 3497.57, 1, '2018-12-06 18:00:55', '2018-12-06 18:00:55'),
(37, 2, 1, 1, NULL, 'product', 'ATW 1102 ', 'sample description', 'http://itinerantnotes.com/blog/images/logo.png', 32314.19, 32314.19, 0.00, 0.00, 32314.19, 1, '2018-12-06 18:00:55', '2018-12-06 18:00:55'),
(38, 2, 1, 1, NULL, 'product', 'ATW-1101', 'sample description', 'http://itinerantnotes.com/blog/images/logo.png', 32694.36, 32694.36, 0.00, 0.00, 32694.36, 1, '2018-12-06 18:00:55', '2018-12-06 18:00:55'),
(39, 2, 1, 1, NULL, 'product', 'ATW-1702 (W2)', 'sample description', 'http://itinerantnotes.com/blog/images/logo.png', 42578.70, 42578.70, 0.00, 0.00, 42578.70, 1, '2018-12-06 18:00:55', '2018-12-06 18:00:55'),
(40, 2, 1, 1, NULL, 'product', 'MB/DK7', 'sample description', 'http://itinerantnotes.com/blog/images/logo.png', 39727.45, 39727.45, 0.00, 0.00, 39727.45, 1, '2018-12-06 18:00:55', '2018-12-06 18:00:55'),
(41, 2, 1, 1, NULL, 'product', 'MB1 K/C', 'sample description', 'http://itinerantnotes.com/blog/images/logo.png', 10169.47, 10169.47, 0.00, 0.00, 10169.47, 1, '2018-12-06 18:00:55', '2018-12-06 18:00:55'),
(42, 2, 1, 1, NULL, 'product', 'MB2 K/C', 'sample description', 'http://itinerantnotes.com/blog/images/logo.png', 5322.34, 5322.34, 0.00, 0.00, 5322.34, 1, '2018-12-06 18:00:55', '2018-12-06 18:00:55'),
(43, 2, 1, 1, NULL, 'product', 'MT830CW', 'sample description', 'http://itinerantnotes.com/blog/images/logo.png', 10074.42, 10074.42, 0.00, 0.00, 10074.42, 1, '2018-12-06 18:00:55', '2018-12-06 18:00:55'),
(44, 2, 1, 1, NULL, 'product', 'PRO25ax', 'sample description', 'http://itinerantnotes.com/blog/images/logo.png', 16157.10, 16157.10, 0.00, 0.00, 16157.10, 1, '2018-12-06 18:00:55', '2018-12-06 18:00:55'),
(45, 2, 1, 1, NULL, 'product', 'PRO31', 'sample description', 'http://itinerantnotes.com/blog/images/logo.png', 5702.50, 5702.50, 0.00, 0.00, 5702.50, 1, '2018-12-06 18:00:55', '2018-12-06 18:00:55'),
(46, 2, 1, 1, NULL, 'product', 'PRO41', 'sample description', 'http://itinerantnotes.com/blog/images/logo.png', 8173.59, 8173.59, 0.00, 0.00, 8173.59, 1, '2018-12-06 18:00:55', '2018-12-06 18:00:55'),
(47, 2, 1, 1, NULL, 'product', 'PRO45', 'sample description', 'http://itinerantnotes.com/blog/images/logo.png', 11807.12, 11807.12, 0.00, 0.00, 11807.12, 1, '2018-12-06 18:00:55', '2018-12-06 18:00:55'),
(48, 2, 1, 1, NULL, 'product', 'PRO49Q', 'sample description', 'http://itinerantnotes.com/blog/images/logo.png', 13088.75, 13088.75, 0.00, 0.00, 13088.75, 1, '2018-12-06 18:00:55', '2018-12-06 18:00:55'),
(49, 3, 1, 1, NULL, 'product', 'Dimer 2', 'sample description', 'http://itinerantnotes.com/blog/images/logo.png', 16491.51, 16491.51, 0.00, 0.00, 16491.51, 1, '2018-12-06 18:00:55', '2018-12-06 18:00:55'),
(50, 4, 1, 1, NULL, 'product', 'Double Relay', 'sample description', 'http://itinerantnotes.com/blog/images/logo.png', 16491.51, 16491.51, 0.00, 0.00, 16491.51, 1, '2018-12-06 18:00:55', '2018-12-06 18:00:55'),
(51, 5, 1, 1, NULL, 'product', '7040APM-7', 'sample description', 'http://itinerantnotes.com/blog/images/logo.png', 60941.00, 60941.00, 0.00, 0.00, 60941.00, 1, '2018-12-06 18:00:55', '2018-12-06 18:00:55'),
(52, 5, 1, 1, NULL, 'product', '7360APM-7', 'sample description', 'http://itinerantnotes.com/blog/images/logo.png', 217498.06, 217498.06, 0.00, 0.00, 217498.06, 1, '2018-12-06 18:00:55', '2018-12-06 18:00:55'),
(53, 5, 1, 1, NULL, 'product', '8040BPM-7', 'sample description', 'http://itinerantnotes.com/blog/images/logo.png', 80629.61, 80629.61, 0.00, 0.00, 80629.61, 1, '2018-12-06 18:00:55', '2018-12-06 18:00:55'),
(54, 5, 1, 1, NULL, 'product', '8050BPM-7', 'sample description', 'http://itinerantnotes.com/blog/images/logo.png', 164213.31, 164213.31, 0.00, 0.00, 164213.31, 1, '2018-12-06 18:00:55', '2018-12-06 18:00:55'),
(55, 5, 1, 1, NULL, 'product', 'M030AM-7', 'sample description', 'http://itinerantnotes.com/blog/images/logo.png', 38908.00, 38908.00, 0.00, 0.00, 38908.00, 1, '2018-12-06 18:00:55', '2018-12-06 18:00:55'),
(56, 5, 1, 1, NULL, 'product', 'M040AM-7', 'sample description', 'http://itinerantnotes.com/blog/images/logo.png', 58597.00, 58597.00, 0.00, 0.00, 58597.00, 1, '2018-12-06 18:00:55', '2018-12-06 18:00:55'),
(57, 6, 1, 1, NULL, 'product', 'DN 100', 'sample description', 'http://itinerantnotes.com/blog/images/logo.png', 7369.25, 7369.25, 0.00, 0.00, 7369.25, 1, '2018-12-06 18:00:55', '2018-12-06 18:00:55'),
(58, 6, 1, 1, NULL, 'product', 'LED AMP18-RA', 'sample description', 'http://itinerantnotes.com/blog/images/logo.png', 12334.00, 12334.00, 0.00, 0.00, 12334.00, 1, '2018-12-06 18:00:55', '2018-12-06 18:00:55'),
(59, 6, 1, 1, NULL, 'product', 'SQ 1D', 'sample description', 'http://itinerantnotes.com/blog/images/logo.png', 41146.66, 41146.66, 0.00, 0.00, 41146.66, 1, '2018-12-06 18:00:55', '2018-12-06 18:00:55'),
(60, 6, 1, 1, NULL, 'product', 'SQ 1G', 'sample description', 'http://itinerantnotes.com/blog/images/logo.png', 39614.72, 39614.72, 0.00, 0.00, 39614.72, 1, '2018-12-06 18:00:55', '2018-12-06 18:00:55'),
(61, 7, 1, 1, NULL, 'product', 'C5FUEY.A', 'sample description', 'http://itinerantnotes.com/blog/images/logo.png', 13340.12, 13340.12, 0.00, 0.00, 13340.12, 1, '2018-12-06 18:00:55', '2018-12-06 18:00:55'),
(62, 7, 1, 1, NULL, 'product', 'HA-HA-HE03', 'sample description', 'http://itinerantnotes.com/blog/images/logo.png', 1909.41, 1909.41, 0.00, 0.00, 1909.41, 1, '2018-12-06 18:00:55', '2018-12-06 18:00:55'),
(63, 7, 1, 1, NULL, 'product', 'HC-HA-G01', 'sample description', 'http://itinerantnotes.com/blog/images/logo.png', 1435.80, 1435.80, 0.00, 0.00, 1435.80, 1, '2018-12-06 18:00:55', '2018-12-06 18:00:55'),
(64, 7, 1, 1, NULL, 'product', 'KIK6.0PPSW', 'sample description', 'http://itinerantnotes.com/blog/images/logo.png', 1575.10, 1575.10, 0.00, 0.00, 1575.10, 1, '2018-12-06 18:00:55', '2018-12-06 18:00:55'),
(65, 7, 1, 1, NULL, 'product', 'KIKA03PR1', 'sample description', 'http://itinerantnotes.com/blog/images/logo.png', 1699.39, 1699.39, 0.00, 0.00, 1699.39, 1, '2018-12-06 18:00:55', '2018-12-06 18:00:55'),
(66, 7, 1, 1, NULL, 'product', 'KIKA03PR2', 'sample description', 'http://itinerantnotes.com/blog/images/logo.png', 1699.39, 1699.39, 0.00, 0.00, 1699.39, 1, '2018-12-06 18:00:55', '2018-12-06 18:00:55'),
(67, 7, 1, 1, NULL, 'product', 'KIKA06PR1', 'sample description', 'http://itinerantnotes.com/blog/images/logo.png', 2160.13, 2160.13, 0.00, 0.00, 2160.13, 1, '2018-12-06 18:00:55', '2018-12-06 18:00:55'),
(68, 7, 1, 1, NULL, 'product', 'KIKA06PR2', 'sample description', 'http://itinerantnotes.com/blog/images/logo.png', 2160.13, 2160.13, 0.00, 0.00, 2160.13, 1, '2018-12-06 18:00:55', '2018-12-06 18:00:55'),
(69, 7, 1, 1, NULL, 'product', 'KIKA06PR3', 'sample description', 'http://itinerantnotes.com/blog/images/logo.png', 2160.13, 2160.13, 0.00, 0.00, 2160.13, 1, '2018-12-06 18:00:55', '2018-12-06 18:00:55'),
(70, 7, 1, 1, NULL, 'product', 'KIKA09PR1', 'sample description', 'http://itinerantnotes.com/blog/images/logo.png', 2618.74, 2618.74, 0.00, 0.00, 2618.74, 1, '2018-12-06 18:00:55', '2018-12-06 18:00:55'),
(71, 7, 1, 1, NULL, 'product', 'KIKA09PR2', 'sample description', 'http://itinerantnotes.com/blog/images/logo.png', 2618.74, 2618.74, 0.00, 0.00, 2618.74, 1, '2018-12-06 18:00:55', '2018-12-06 18:00:55'),
(72, 7, 1, 1, NULL, 'product', 'KIKC3.0PP2', 'sample description', 'http://itinerantnotes.com/blog/images/logo.png', 1392.94, 1392.94, 0.00, 0.00, 1392.94, 1, '2018-12-06 18:00:55', '2018-12-06 18:00:55'),
(73, 7, 1, 1, NULL, 'product', 'KIKC4.5PP2', 'sample description', 'http://itinerantnotes.com/blog/images/logo.png', 1547.24, 1547.24, 0.00, 0.00, 1547.24, 1, '2018-12-06 18:00:55', '2018-12-06 18:00:55'),
(74, 7, 1, 1, NULL, 'product', 'KIKC4.5PP4', 'sample description', 'http://itinerantnotes.com/blog/images/logo.png', 1547.24, 1547.24, 0.00, 0.00, 1547.24, 1, '2018-12-06 18:00:55', '2018-12-06 18:00:55'),
(75, 7, 1, 1, NULL, 'product', 'KIKC6.0PP2', 'sample description', 'http://itinerantnotes.com/blog/images/logo.png', 1727.25, 1727.25, 0.00, 0.00, 1727.25, 1, '2018-12-06 18:00:55', '2018-12-06 18:00:55'),
(76, 7, 1, 1, NULL, 'product', 'LSC415YB.A', 'sample description', 'http://itinerantnotes.com/blog/images/logo.png', 31480.54, 31480.54, 0.00, 0.00, 31480.54, 1, '2018-12-06 18:00:55', '2018-12-06 18:00:55'),
(77, 7, 1, 1, NULL, 'product', 'LY225S.A', 'sample description', 'http://itinerantnotes.com/blog/images/logo.png', 206.16, 206.16, 0.00, 0.00, 206.16, 1, '2018-12-06 18:00:55', '2018-12-06 18:00:55'),
(78, 7, 1, 1, NULL, 'product', 'LY240S.A', 'sample description', 'http://itinerantnotes.com/blog/images/logo.png', 43877.74, 43877.74, 0.00, 0.00, 43877.74, 1, '2018-12-06 18:00:55', '2018-12-06 18:00:55'),
(79, 7, 1, 1, NULL, 'product', 'LYP007T.A', 'sample description', 'http://itinerantnotes.com/blog/images/logo.png', 8496.96, 8496.96, 0.00, 0.00, 8496.96, 1, '2018-12-06 18:00:55', '2018-12-06 18:00:55'),
(80, 7, 1, 1, NULL, 'product', 'LYP015S.A', 'sample description', 'http://itinerantnotes.com/blog/images/logo.png', 15600.97, 15600.97, 0.00, 0.00, 15600.97, 1, '2018-12-06 18:00:55', '2018-12-06 18:00:55'),
(81, 7, 1, 1, NULL, 'product', 'M1FM1K0750', 'sample description', 'http://itinerantnotes.com/blog/images/logo.png', 2605.88, 2605.88, 0.00, 0.00, 2605.88, 1, '2018-12-06 18:00:55', '2018-12-06 18:00:55'),
(82, 7, 1, 1, NULL, 'product', 'M1FM1N0500', 'sample description', 'http://itinerantnotes.com/blog/images/logo.png', 2590.88, 2590.88, 0.00, 0.00, 2590.88, 1, '2018-12-06 18:00:55', '2018-12-06 18:00:55'),
(83, 7, 1, 1, NULL, 'product', 'M1FM1N1000', 'sample description', 'http://itinerantnotes.com/blog/images/logo.png', 3218.77, 3218.77, 0.00, 0.00, 3218.77, 1, '2018-12-06 18:00:55', '2018-12-06 18:00:55'),
(84, 7, 1, 1, NULL, 'product', 'M1FM2N0500', 'sample description', 'http://itinerantnotes.com/blog/images/logo.png', 2590.88, 2590.88, 0.00, 0.00, 2590.88, 1, '2018-12-06 18:00:55', '2018-12-06 18:00:55'),
(85, 7, 1, 1, NULL, 'product', 'M1FM2N1000', 'sample description', 'http://itinerantnotes.com/blog/images/logo.png', 3218.77, 3218.77, 0.00, 0.00, 3218.77, 1, '2018-12-06 18:00:55', '2018-12-06 18:00:55'),
(86, 7, 1, 1, NULL, 'product', 'M1FM3N0500', 'sample description', 'http://itinerantnotes.com/blog/images/logo.png', 2590.88, 2590.88, 0.00, 0.00, 2590.88, 1, '2018-12-06 18:00:55', '2018-12-06 18:00:55'),
(87, 7, 1, 1, NULL, 'product', 'MY203SW.A', 'sample description', 'http://itinerantnotes.com/blog/images/logo.png', 121.19, 121.19, 0.00, 0.00, 121.19, 1, '2018-12-06 18:00:55', '2018-12-06 18:00:55'),
(88, 7, 1, 1, NULL, 'product', 'PW02X (300m)', 'sample description', 'http://itinerantnotes.com/blog/images/logo.png', 135651.33, 135651.33, 0.00, 0.00, 135651.33, 1, '2018-12-06 18:00:55', '2018-12-06 18:00:55'),
(89, 7, 1, 1, NULL, 'product', 'PW08X.A', 'sample description', 'http://itinerantnotes.com/blog/images/logo.png', 559.32, 559.32, 0.00, 0.00, 559.32, 1, '2018-12-06 18:00:55', '2018-12-06 18:00:55'),
(90, 7, 1, 1, NULL, 'product', 'PW24X.A', 'sample description', 'http://itinerantnotes.com/blog/images/logo.png', 233875.33, 233875.33, 0.00, 0.00, 233875.33, 1, '2018-12-06 18:00:55', '2018-12-06 18:00:55'),
(91, 7, 1, 1, NULL, 'product', 'TP414.A', 'sample description', 'http://itinerantnotes.com/blog/images/logo.png', 25351.58, 25351.58, 0.00, 0.00, 25351.58, 1, '2018-12-06 18:00:55', '2018-12-06 18:00:55'),
(92, 7, 1, 1, NULL, 'product', 'VA063LB.A', 'sample description', 'http://itinerantnotes.com/blog/images/logo.png', 172.73, 172.73, 0.00, 0.00, 172.73, 1, '2018-12-06 18:00:55', '2018-12-06 18:00:55'),
(93, 7, 1, 1, NULL, 'product', 'VA063LG.A', 'sample description', 'http://itinerantnotes.com/blog/images/logo.png', 18944.04, 18944.04, 0.00, 0.00, 18944.04, 1, '2018-12-06 18:00:55', '2018-12-06 18:00:55'),
(94, 7, 1, 1, NULL, 'product', 'VD062SH.A', 'sample description', 'http://itinerantnotes.com/blog/images/logo.png', 12118.61, 12118.61, 0.00, 0.00, 12118.61, 1, '2018-12-06 18:00:55', '2018-12-06 18:00:55'),
(95, 8, 1, 1, NULL, 'product', 'FP10000Q/SP', 'sample description', 'http://itinerantnotes.com/blog/images/logo.png', 632420.00, 632420.00, 0.00, 0.00, 632420.00, 1, '2018-12-06 18:00:55', '2018-12-06 18:00:55'),
(96, 8, 1, 1, NULL, 'product', 'FP14000-BP', 'sample description', 'http://itinerantnotes.com/blog/images/logo.png', 593166.00, 593166.00, 0.00, 0.00, 593166.00, 1, '2018-12-06 18:00:55', '2018-12-06 18:00:55'),
(97, 8, 1, 1, NULL, 'product', 'FP7000/SP', 'sample description', 'http://itinerantnotes.com/blog/images/logo.png', 475405.00, 475405.00, 0.00, 0.00, 475405.00, 1, '2018-12-06 18:00:55', '2018-12-06 18:00:55'),
(98, 8, 1, 1, NULL, 'product', 'IPD 1200 EU', 'sample description', 'http://itinerantnotes.com/blog/images/logo.png', 146111.00, 146111.00, 0.00, 0.00, 146111.00, 1, '2018-12-06 18:00:55', '2018-12-06 18:00:55'),
(99, 8, 1, 1, NULL, 'product', 'IPD 2400 EU', 'sample description', 'http://itinerantnotes.com/blog/images/logo.png', 200630.00, 200630.00, 0.00, 0.00, 200630.00, 1, '2018-12-06 18:00:55', '2018-12-06 18:00:55'),
(100, 8, 1, 1, NULL, 'product', 'Lucia 120/2M', 'sample description', 'http://itinerantnotes.com/blog/images/logo.png', 65423.00, 65423.00, 0.00, 0.00, 65423.00, 1, '2018-12-06 18:00:55', '2018-12-06 18:00:55'),
(101, 8, 1, 1, NULL, 'product', 'Lucia 240/2M', 'sample description', 'http://itinerantnotes.com/blog/images/logo.png', 80688.00, 80688.00, 0.00, 0.00, 80688.00, 1, '2018-12-06 18:00:55', '2018-12-06 18:00:55'),
(102, 8, 1, 1, NULL, 'product', 'Power Amplifier E 4:2 EU / S/N 38018622,38019069', 'sample description', 'http://itinerantnotes.com/blog/images/logo.png', 154731.55, 154731.55, 0.00, 0.00, 154731.55, 1, '2018-12-06 18:00:55', '2018-12-06 18:00:55'),
(103, 9, 1, 1, NULL, 'product', 'CAT5E-30M', 'sample description', 'http://itinerantnotes.com/blog/images/logo.png', 27945.42, 27945.42, 0.00, 0.00, 27945.42, 1, '2018-12-06 18:00:55', '2018-12-06 18:00:55'),
(104, 9, 1, 1, NULL, 'product', 'CAT5E-5M', 'sample description', 'http://itinerantnotes.com/blog/images/logo.png', 8302.06, 8302.06, 0.00, 0.00, 8302.06, 1, '2018-12-06 18:00:56', '2018-12-06 18:00:56'),
(105, 9, 1, 1, NULL, 'product', 'DL 16', 'sample description', 'http://itinerantnotes.com/blog/images/logo.png', 110687.45, 110687.45, 0.00, 0.00, 110687.45, 1, '2018-12-06 18:00:56', '2018-12-06 18:00:56'),
(106, 9, 1, 1, NULL, 'product', 'DL 32', 'sample description', 'http://itinerantnotes.com/blog/images/logo.png', 184401.05, 184401.05, 0.00, 0.00, 184401.05, 1, '2018-12-06 18:00:56', '2018-12-06 18:00:56'),
(107, 9, 1, 1, NULL, 'product', 'DM 16', 'sample description', 'http://itinerantnotes.com/blog/images/logo.png', 32686.23, 32686.23, 0.00, 0.00, 32686.23, 1, '2018-12-06 18:00:56', '2018-12-06 18:00:56'),
(108, 9, 1, 1, NULL, 'product', 'M 32 C', 'sample description', 'http://itinerantnotes.com/blog/images/logo.png', 92220.71, 92220.71, 0.00, 0.00, 92220.71, 1, '2018-12-06 18:00:56', '2018-12-06 18:00:56'),
(109, 10, 1, 1, NULL, 'product', '828X', 'sample description', 'http://itinerantnotes.com/blog/images/logo.png', 133400.58, 133400.58, 0.00, 0.00, 133400.58, 1, '2018-12-06 18:00:56', '2018-12-06 18:00:56'),
(110, 10, 1, 1, NULL, 'product', '8PRE USB', 'sample description', 'http://itinerantnotes.com/blog/images/logo.png', 94325.77, 94325.77, 0.00, 0.00, 94325.77, 1, '2018-12-06 18:00:56', '2018-12-06 18:00:56'),
(111, 10, 1, 1, NULL, 'product', 'AUDIO EXPRESS', 'sample description', 'http://itinerantnotes.com/blog/images/logo.png', 65965.01, 65965.01, 0.00, 0.00, 65965.01, 1, '2018-12-06 18:00:56', '2018-12-06 18:00:56'),
(112, 10, 1, 1, NULL, 'product', 'MICROBOOK IIC', 'sample description', 'http://itinerantnotes.com/blog/images/logo.png', 39232.38, 39232.38, 0.00, 0.00, 39232.38, 1, '2018-12-06 18:00:56', '2018-12-06 18:00:56'),
(113, 10, 1, 1, NULL, 'product', 'ULRALITE AVB', 'sample description', 'http://itinerantnotes.com/blog/images/logo.png', 102256.27, 102256.27, 0.00, 0.00, 102256.27, 1, '2018-12-06 18:00:56', '2018-12-06 18:00:56'),
(114, 10, 1, 1, NULL, 'product', 'ULTRALITE MK3 HYBRID', 'sample description', 'http://itinerantnotes.com/blog/images/logo.png', 94325.77, 94325.77, 0.00, 0.00, 94325.77, 1, '2018-12-06 18:00:56', '2018-12-06 18:00:56'),
(115, 11, 1, 1, NULL, 'product', 'RK10UABS', 'sample description', 'http://itinerantnotes.com/blog/images/logo.png', 22840.35, 22840.35, 0.00, 0.00, 22840.35, 1, '2018-12-06 18:00:56', '2018-12-06 18:00:56'),
(116, 11, 1, 1, NULL, 'product', 'RK12UABS', 'sample description', 'http://itinerantnotes.com/blog/images/logo.png', 24572.65, 24572.65, 0.00, 0.00, 24572.65, 1, '2018-12-06 18:00:56', '2018-12-06 18:00:56'),
(117, 11, 1, 1, NULL, 'product', 'RK2UABS', 'sample description', 'http://itinerantnotes.com/blog/images/logo.png', 16260.14, 16260.14, 0.00, 0.00, 16260.14, 1, '2018-12-06 18:00:56', '2018-12-06 18:00:56'),
(118, 11, 1, 1, NULL, 'product', 'RK4UABS', 'sample description', 'http://itinerantnotes.com/blog/images/logo.png', 17313.48, 17313.48, 0.00, 0.00, 17313.48, 1, '2018-12-06 18:00:56', '2018-12-06 18:00:56'),
(119, 11, 1, 1, NULL, 'product', 'RK6UABS', 'sample description', 'http://itinerantnotes.com/blog/images/logo.png', 19369.40, 19369.40, 0.00, 0.00, 19369.40, 1, '2018-12-06 18:00:56', '2018-12-06 18:00:56'),
(120, 11, 1, 1, NULL, 'product', 'RK6UAD', 'sample description', 'http://itinerantnotes.com/blog/images/logo.png', 30451.68, 30451.68, 0.00, 0.00, 30451.68, 1, '2018-12-06 18:00:56', '2018-12-06 18:00:56'),
(121, 11, 1, 1, NULL, 'product', 'RK8UABS', 'sample description', 'http://itinerantnotes.com/blog/images/logo.png', 21104.87, 21104.87, 0.00, 0.00, 21104.87, 1, '2018-12-06 18:00:56', '2018-12-06 18:00:56'),
(122, 11, 1, 1, NULL, 'product', 'RK8UADC', 'sample description', 'http://itinerantnotes.com/blog/images/logo.png', 41518.10, 41518.10, 0.00, 0.00, 41518.10, 1, '2018-12-06 18:00:56', '2018-12-06 18:00:56'),
(123, 11, 1, 1, NULL, 'product', 'RKM 18', 'sample description', 'http://itinerantnotes.com/blog/images/logo.png', 27069.57, 27069.57, 0.00, 0.00, 27069.57, 1, '2018-12-06 18:00:56', '2018-12-06 18:00:56'),
(124, 11, 1, 1, NULL, 'product', 'RKMIDAS M 32', 'sample description', 'http://itinerantnotes.com/blog/images/logo.png', 57503.80, 57503.80, 0.00, 0.00, 57503.80, 1, '2018-12-06 18:00:56', '2018-12-06 18:00:56'),
(125, 11, 1, 1, NULL, 'product', 'RKMIDAS M32R', 'sample description', 'http://itinerantnotes.com/blog/images/logo.png', 59089.20, 59089.20, 0.00, 0.00, 59089.20, 1, '2018-12-06 18:00:56', '2018-12-06 18:00:56'),
(126, 12, 1, 1, NULL, 'product', 'R-DS8', 'sample description', 'http://itinerantnotes.com/blog/images/logo.png', 16846.31, 16846.31, 0.00, 0.00, 16846.31, 1, '2018-12-06 18:00:56', '2018-12-06 18:00:56'),
(127, 12, 1, 1, NULL, 'product', 'R-LMB108', 'sample description', 'http://itinerantnotes.com/blog/images/logo.png', 35096.48, 35096.48, 0.00, 0.00, 35096.48, 1, '2018-12-06 18:00:56', '2018-12-06 18:00:56'),
(128, 12, 1, 1, NULL, 'product', 'R-LP64', 'sample description', 'http://itinerantnotes.com/blog/images/logo.png', 11230.87, 11230.87, 0.00, 0.00, 11230.87, 1, '2018-12-06 18:00:56', '2018-12-06 18:00:56'),
(129, 12, 1, 1, NULL, 'product', 'R-Lp72', 'sample description', 'http://itinerantnotes.com/blog/images/logo.png', 14038.59, 14038.59, 0.00, 0.00, 14038.59, 1, '2018-12-06 18:00:56', '2018-12-06 18:00:56'),
(130, 12, 1, 1, NULL, 'product', 'R-P750', 'sample description', 'http://itinerantnotes.com/blog/images/logo.png', 31586.83, 31586.83, 0.00, 0.00, 31586.83, 1, '2018-12-06 18:00:56', '2018-12-06 18:00:56'),
(131, 13, 1, 1, NULL, 'product', 'AMC 250+,Mixed Amplifier', 'sample description', 'http://itinerantnotes.com/blog/images/logo.png', 93694.35, 93694.35, 0.00, 0.00, 93694.35, 1, '2018-12-06 18:00:56', '2018-12-06 18:00:56'),
(132, 13, 1, 1, NULL, 'product', 'AW2-WH', 'sample description', 'http://itinerantnotes.com/blog/images/logo.png', 26096.16, 26096.16, 0.00, 0.00, 26096.16, 1, '2018-12-06 18:00:56', '2018-12-06 18:00:56'),
(133, 13, 1, 1, NULL, 'product', 'Install 204, Wall Mounted 30W Speaker', 'sample description', 'http://itinerantnotes.com/blog/images/logo.png', 15450.69, 15450.69, 0.00, 0.00, 15450.69, 1, '2018-12-06 18:00:56', '2018-12-06 18:00:56'),
(134, 13, 1, 1, NULL, 'product', 'SVC 10i, Ceiling Speaker', 'sample description', 'http://itinerantnotes.com/blog/images/logo.png', 3176.08, 3176.08, 0.00, 0.00, 3176.08, 1, '2018-12-06 18:00:56', '2018-12-06 18:00:56'),
(135, 14, 1, 1, NULL, 'product', 'Connect', 'sample description', 'http://itinerantnotes.com/blog/images/logo.png', 60273.14, 60273.14, 0.00, 0.00, 60273.14, 1, '2018-12-06 18:00:56', '2018-12-06 18:00:56'),
(136, 14, 1, 1, NULL, 'product', 'Connect Amp', 'sample description', 'http://itinerantnotes.com/blog/images/logo.png', 86144.45, 86144.45, 0.00, 0.00, 86144.45, 1, '2018-12-06 18:00:56', '2018-12-06 18:00:56'),
(137, 14, 1, 1, NULL, 'product', 'Play 1 (Black)', 'sample description', 'http://itinerantnotes.com/blog/images/logo.png', 38233.53, 38233.53, 0.00, 0.00, 38233.53, 1, '2018-12-06 18:00:56', '2018-12-06 18:00:56'),
(138, 14, 1, 1, NULL, 'product', 'Play 1 (White)', 'sample description', 'http://itinerantnotes.com/blog/images/logo.png', 38233.53, 38233.53, 0.00, 0.00, 38233.53, 1, '2018-12-06 18:00:56', '2018-12-06 18:00:56'),
(139, 14, 1, 1, NULL, 'product', 'Play 1 Mount (Black)', 'sample description', 'http://itinerantnotes.com/blog/images/logo.png', 7579.91, 7579.91, 0.00, 0.00, 7579.91, 1, '2018-12-06 18:00:56', '2018-12-06 18:00:56'),
(140, 14, 1, 1, NULL, 'product', 'Play 1 Mount (White)', 'sample description', 'http://itinerantnotes.com/blog/images/logo.png', 7579.91, 7579.91, 0.00, 0.00, 7579.91, 1, '2018-12-06 18:00:56', '2018-12-06 18:00:56'),
(141, 14, 1, 1, NULL, 'product', 'Play 3 Mount (White)', 'sample description', 'http://itinerantnotes.com/blog/images/logo.png', 9776.99, 9776.99, 0.00, 0.00, 9776.99, 1, '2018-12-06 18:00:56', '2018-12-06 18:00:56'),
(142, 14, 1, 1, NULL, 'product', 'Play 5 (Black)', 'sample description', 'http://itinerantnotes.com/blog/images/logo.png', 95726.63, 95726.63, 0.00, 0.00, 95726.63, 1, '2018-12-06 18:00:56', '2018-12-06 18:00:56'),
(143, 14, 1, 1, NULL, 'product', 'Play 5 (White)', 'sample description', 'http://itinerantnotes.com/blog/images/logo.png', 95726.63, 95726.63, 0.00, 0.00, 95726.63, 1, '2018-12-06 18:00:56', '2018-12-06 18:00:56'),
(144, 14, 1, 1, NULL, 'product', 'Playbar', 'sample description', 'http://itinerantnotes.com/blog/images/logo.png', 124473.19, 124473.19, 0.00, 0.00, 124473.19, 1, '2018-12-06 18:00:56', '2018-12-06 18:00:56'),
(145, 14, 1, 1, NULL, 'product', 'Playbar Wall Mount', 'sample description', 'http://itinerantnotes.com/blog/images/logo.png', 7579.91, 7579.91, 0.00, 0.00, 7579.91, 1, '2018-12-06 18:00:56', '2018-12-06 18:00:56'),
(146, 14, 1, 1, NULL, 'product', 'Stands (Black)', 'sample description', 'http://itinerantnotes.com/blog/images/logo.png', 17466.76, 17466.76, 0.00, 0.00, 17466.76, 1, '2018-12-06 18:00:56', '2018-12-06 18:00:56'),
(147, 14, 1, 1, NULL, 'product', 'Stands (White)', 'sample description', 'http://itinerantnotes.com/blog/images/logo.png', 17466.76, 17466.76, 0.00, 0.00, 17466.76, 1, '2018-12-06 18:00:56', '2018-12-06 18:00:56'),
(148, 15, 1, 1, NULL, 'product', 'AMS 5DC Black', 'sample description', 'http://itinerantnotes.com/blog/images/logo.png', 27546.70, 27546.70, 0.00, 0.00, 27546.70, 1, '2018-12-06 18:00:56', '2018-12-06 18:00:56'),
(149, 15, 1, 1, NULL, 'product', 'AMS 5DC White', 'sample description', 'http://itinerantnotes.com/blog/images/logo.png', 27546.70, 27546.70, 0.00, 0.00, 27546.70, 1, '2018-12-06 18:00:56', '2018-12-06 18:00:56'),
(150, 15, 1, 1, NULL, 'product', 'AMS 8DC Black', 'sample description', 'http://itinerantnotes.com/blog/images/logo.png', 68751.01, 68751.01, 0.00, 0.00, 68751.01, 1, '2018-12-06 18:00:56', '2018-12-06 18:00:56'),
(151, 15, 1, 1, NULL, 'product', 'AMS 8DC White', 'sample description', 'http://itinerantnotes.com/blog/images/logo.png', 68751.01, 68751.01, 0.00, 0.00, 68751.01, 1, '2018-12-06 18:00:56', '2018-12-06 18:00:56'),
(152, 15, 1, 1, NULL, 'product', 'CVS 4 (white)', 'sample description', 'http://itinerantnotes.com/blog/images/logo.png', 14352.06, 14352.06, 0.00, 0.00, 14352.06, 1, '2018-12-06 18:00:56', '2018-12-06 18:00:56'),
(153, 15, 1, 1, NULL, 'product', 'Cvs 6 ( white )', 'sample description', 'http://itinerantnotes.com/blog/images/logo.png', 20717.90, 20717.90, 0.00, 0.00, 20717.90, 1, '2018-12-06 18:00:56', '2018-12-06 18:00:56'),
(154, 15, 1, 1, NULL, 'product', 'DVS4t Black', 'sample description', 'http://itinerantnotes.com/blog/images/logo.png', 17361.37, 17361.37, 0.00, 0.00, 17361.37, 1, '2018-12-06 18:00:56', '2018-12-06 18:00:56'),
(155, 15, 1, 1, NULL, 'product', 'DVS4t White', 'sample description', 'http://itinerantnotes.com/blog/images/logo.png', 17361.37, 17361.37, 0.00, 0.00, 17361.37, 1, '2018-12-06 18:00:56', '2018-12-06 18:00:56'),
(156, 15, 1, 1, NULL, 'product', 'DVS6 Black', 'sample description', 'http://itinerantnotes.com/blog/images/logo.png', 22917.00, 22917.00, 0.00, 0.00, 22917.00, 1, '2018-12-06 18:00:56', '2018-12-06 18:00:56'),
(157, 15, 1, 1, NULL, 'product', 'DVS6 White', 'sample description', 'http://itinerantnotes.com/blog/images/logo.png', 22917.00, 22917.00, 0.00, 0.00, 22917.00, 1, '2018-12-06 18:00:56', '2018-12-06 18:00:56'),
(158, 15, 1, 1, NULL, 'product', 'REVEAL 402', 'sample description', 'http://itinerantnotes.com/blog/images/logo.png', 16472.28, 16472.28, 0.00, 0.00, 16472.28, 1, '2018-12-06 18:00:56', '2018-12-06 18:00:56'),
(159, 15, 1, 1, NULL, 'product', 'REVEAL 502', 'sample description', 'http://itinerantnotes.com/blog/images/logo.png', 25561.21, 25561.21, 0.00, 0.00, 25561.21, 1, '2018-12-06 18:00:56', '2018-12-06 18:00:56'),
(160, 15, 1, 1, NULL, 'product', 'REVEAL 802', 'sample description', 'http://itinerantnotes.com/blog/images/logo.png', 39762.67, 39762.67, 0.00, 0.00, 39762.67, 1, '2018-12-06 18:00:56', '2018-12-06 18:00:56'),
(161, 15, 1, 1, NULL, 'product', 'VX 12.2Q Black', 'sample description', 'http://itinerantnotes.com/blog/images/logo.png', 266207.62, 266207.62, 0.00, 0.00, 266207.62, 1, '2018-12-06 18:00:56', '2018-12-06 18:00:56'),
(162, 15, 1, 1, NULL, 'product', 'VX 12Q Black', 'sample description', 'http://itinerantnotes.com/blog/images/logo.png', 175812.77, 175812.77, 0.00, 0.00, 175812.77, 1, '2018-12-06 18:00:56', '2018-12-06 18:00:56'),
(163, 15, 1, 1, NULL, 'product', 'VX 15Q Black', 'sample description', 'http://itinerantnotes.com/blog/images/logo.png', 232526.57, 232526.57, 0.00, 0.00, 232526.57, 1, '2018-12-06 18:00:56', '2018-12-06 18:00:56'),
(164, 15, 1, 1, NULL, 'product', 'VX 8.2 Black', 'sample description', 'http://itinerantnotes.com/blog/images/logo.png', 129631.54, 129631.54, 0.00, 0.00, 129631.54, 1, '2018-12-06 18:00:56', '2018-12-06 18:00:56'),
(165, 15, 1, 1, NULL, 'product', 'VXP 12 Black', 'sample description', 'http://itinerantnotes.com/blog/images/logo.png', 212966.10, 212966.10, 0.00, 0.00, 212966.10, 1, '2018-12-06 18:00:56', '2018-12-06 18:00:56'),
(166, 15, 1, 1, NULL, 'product', 'VXP 15HP Black', 'sample description', 'http://itinerantnotes.com/blog/images/logo.png', 284031.96, 284031.96, 0.00, 0.00, 284031.96, 1, '2018-12-06 18:00:56', '2018-12-06 18:00:56'),
(167, 16, 1, 1, NULL, 'product', 'DM8000-EU', 'sample description', 'http://itinerantnotes.com/blog/images/logo.png', 130781.25, 130781.25, 0.00, 0.00, 130781.25, 1, '2018-12-06 18:00:56', '2018-12-06 18:00:56'),
(168, 16, 1, 1, NULL, 'product', 'IP 12B', 'sample description', 'http://itinerantnotes.com/blog/images/logo.png', 56676.60, 56676.60, 0.00, 0.00, 56676.60, 1, '2018-12-06 18:00:56', '2018-12-06 18:00:56'),
(169, 16, 1, 1, NULL, 'product', 'IQ 10', 'sample description', 'http://itinerantnotes.com/blog/images/logo.png', 60845.11, 60845.11, 0.00, 0.00, 60845.11, 1, '2018-12-06 18:00:56', '2018-12-06 18:00:56'),
(170, 16, 1, 1, NULL, 'product', 'IQ 12', 'sample description', 'http://itinerantnotes.com/blog/images/logo.png', 66880.16, 66880.16, 0.00, 0.00, 66880.16, 1, '2018-12-06 18:00:56', '2018-12-06 18:00:56'),
(171, 16, 1, 1, NULL, 'product', 'IQ 15B', 'sample description', 'http://itinerantnotes.com/blog/images/logo.png', 84877.19, 84877.19, 0.00, 0.00, 84877.19, 1, '2018-12-06 18:00:56', '2018-12-06 18:00:56'),
(172, 16, 1, 1, NULL, 'product', 'IQ 18B', 'sample description', 'http://itinerantnotes.com/blog/images/logo.png', 92306.45, 92306.45, 0.00, 0.00, 92306.45, 1, '2018-12-06 18:00:56', '2018-12-06 18:00:56'),
(173, 16, 1, 1, NULL, 'product', 'IX 12', 'sample description', 'http://itinerantnotes.com/blog/images/logo.png', 38742.74, 38742.74, 0.00, 0.00, 38742.74, 1, '2018-12-06 18:00:56', '2018-12-06 18:00:56'),
(174, 16, 1, 1, NULL, 'product', 'IX 15', 'sample description', 'http://itinerantnotes.com/blog/images/logo.png', 57967.19, 57967.19, 0.00, 0.00, 57967.19, 1, '2018-12-06 18:00:56', '2018-12-06 18:00:56'),
(175, 16, 1, 1, NULL, 'product', 'M 10', 'sample description', 'http://itinerantnotes.com/blog/images/logo.png', 39099.54, 39099.54, 0.00, 0.00, 39099.54, 1, '2018-12-06 18:00:56', '2018-12-06 18:00:56'),
(176, 16, 1, 1, NULL, 'product', 'M 15', 'sample description', 'http://itinerantnotes.com/blog/images/logo.png', 62434.52, 62434.52, 0.00, 0.00, 62434.52, 1, '2018-12-06 18:00:56', '2018-12-06 18:00:56'),
(177, 16, 1, 1, NULL, 'product', 'M 15B', 'sample description', 'http://itinerantnotes.com/blog/images/logo.png', 90006.00, 90006.00, 0.00, 0.00, 90006.00, 1, '2018-12-06 18:00:56', '2018-12-06 18:00:56'),
(178, 16, 1, 1, NULL, 'product', 'M 18B', 'sample description', 'http://itinerantnotes.com/blog/images/logo.png', 102314.82, 102314.82, 0.00, 0.00, 102314.82, 1, '2018-12-06 18:00:56', '2018-12-06 18:00:56'),
(179, 16, 1, 1, NULL, 'product', 'NUQ 122', 'sample description', 'http://itinerantnotes.com/blog/images/logo.png', 48940.00, 48940.00, 0.00, 0.00, 48940.00, 1, '2018-12-06 18:00:56', '2018-12-06 18:00:56'),
(180, 16, 1, 1, NULL, 'product', 'NUQ 82 ', 'sample description', 'http://itinerantnotes.com/blog/images/logo.png', 41950.00, 41950.00, 0.00, 0.00, 41950.00, 1, '2018-12-06 18:00:56', '2018-12-06 18:00:56'),
(181, 16, 1, 1, NULL, 'product', 'TBV118L-AN-EU', 'sample description', 'http://itinerantnotes.com/blog/images/logo.png', 198787.50, 198787.50, 0.00, 0.00, 198787.50, 1, '2018-12-06 18:00:56', '2018-12-06 18:00:56'),
(182, 16, 1, 1, NULL, 'product', 'TBV123-AN-EU', 'sample description', 'http://itinerantnotes.com/blog/images/logo.png', 261562.50, 261562.50, 0.00, 0.00, 261562.50, 1, '2018-12-06 18:00:56', '2018-12-06 18:00:56'),
(183, 16, 1, 1, NULL, 'product', 'TBV123-FB', 'sample description', 'http://itinerantnotes.com/blog/images/logo.png', 81375.00, 81375.00, 0.00, 0.00, 81375.00, 1, '2018-12-06 18:00:56', '2018-12-06 18:00:56'),
(184, 16, 1, 1, NULL, 'product', 'TC 132 T', 'sample description', 'http://itinerantnotes.com/blog/images/logo.png', 33940.07, 33940.07, 0.00, 0.00, 33940.07, 1, '2018-12-06 18:00:56', '2018-12-06 18:00:56'),
(185, 16, 1, 1, NULL, 'product', 'TC 132 TR', 'sample description', 'http://itinerantnotes.com/blog/images/logo.png', 36891.38, 36891.38, 0.00, 0.00, 36891.38, 1, '2018-12-06 18:00:56', '2018-12-06 18:00:56'),
(186, 16, 1, 1, NULL, 'product', 'TLX 43', 'sample description', 'http://itinerantnotes.com/blog/images/logo.png', 74000.00, 74000.00, 0.00, 0.00, 74000.00, 1, '2018-12-06 18:00:56', '2018-12-06 18:00:56'),
(187, 16, 1, 1, NULL, 'product', 'TLX 84', 'sample description', 'http://itinerantnotes.com/blog/images/logo.png', 143079.00, 143079.00, 0.00, 0.00, 143079.00, 1, '2018-12-06 18:00:56', '2018-12-06 18:00:56'),
(188, 16, 1, 1, NULL, 'product', 'TLX212L', 'sample description', 'http://itinerantnotes.com/blog/images/logo.png', 148013.00, 148013.00, 0.00, 0.00, 148013.00, 1, '2018-12-06 18:00:56', '2018-12-06 18:00:56'),
(189, 16, 1, 1, NULL, 'product', 'TLX43-FLB', 'sample description', 'http://itinerantnotes.com/blog/images/logo.png', 49661.01, 49661.01, 0.00, 0.00, 49661.01, 1, '2018-12-06 18:00:56', '2018-12-06 18:00:56'),
(190, 16, 1, 1, NULL, 'product', 'TMS 122M', 'sample description', 'http://itinerantnotes.com/blog/images/logo.png', 88986.88, 88986.88, 0.00, 0.00, 88986.88, 1, '2018-12-06 18:00:56', '2018-12-06 18:00:56'),
(191, 16, 1, 1, NULL, 'product', 'TMS 152', 'sample description', 'http://itinerantnotes.com/blog/images/logo.png', 94787.96, 94787.96, 0.00, 0.00, 94787.96, 1, '2018-12-06 18:00:56', '2018-12-06 18:00:56'),
(192, 16, 1, 1, NULL, 'product', 'TPX 118B', 'sample description', 'http://itinerantnotes.com/blog/images/logo.png', 41539.42, 41539.42, 0.00, 0.00, 41539.42, 1, '2018-12-06 18:00:56', '2018-12-06 18:00:56'),
(193, 16, 1, 1, NULL, 'product', 'TPX 122M', 'sample description', 'http://itinerantnotes.com/blog/images/logo.png', 23389.02, 23389.02, 0.00, 0.00, 23389.02, 1, '2018-12-06 18:00:56', '2018-12-06 18:00:56'),
(194, 16, 1, 1, NULL, 'product', 'TPX 152', 'sample description', 'http://itinerantnotes.com/blog/images/logo.png', 30081.07, 30081.07, 0.00, 0.00, 30081.07, 1, '2018-12-06 18:00:56', '2018-12-06 18:00:56'),
(195, 16, 1, 1, NULL, 'product', 'TPX 153', 'sample description', 'http://itinerantnotes.com/blog/images/logo.png', 42501.43, 42501.43, 0.00, 0.00, 42501.43, 1, '2018-12-06 18:00:56', '2018-12-06 18:00:56'),
(196, 16, 1, 1, NULL, 'product', 'TVX 118 B', 'sample description', 'http://itinerantnotes.com/blog/images/logo.png', 51346.54, 51346.54, 0.00, 0.00, 51346.54, 1, '2018-12-06 18:00:56', '2018-12-06 18:00:56'),
(197, 16, 1, 1, NULL, 'product', 'TVX 152', 'sample description', 'http://itinerantnotes.com/blog/images/logo.png', 47396.81, 47396.81, 0.00, 0.00, 47396.81, 1, '2018-12-06 18:00:56', '2018-12-06 18:00:56'),
(198, 17, 1, 1, NULL, 'product', 'XA - 2060', 'sample description', 'http://itinerantnotes.com/blog/images/logo.png', 70348.47, 70348.47, 0.00, 0.00, 70348.47, 1, '2018-12-06 18:00:56', '2018-12-06 18:00:56'),
(199, 17, 1, 1, NULL, 'product', 'XA-2040', 'sample description', 'http://itinerantnotes.com/blog/images/logo.png', 64431.54, 64431.54, 0.00, 0.00, 64431.54, 1, '2018-12-06 18:00:56', '2018-12-06 18:00:56'),
(200, 17, 1, 1, NULL, 'product', 'XD 4080', 'sample description', 'http://itinerantnotes.com/blog/images/logo.png', 153842.89, 153842.89, 0.00, 0.00, 153842.89, 1, '2018-12-06 18:00:56', '2018-12-06 18:00:56'),
(201, 17, 1, 1, NULL, 'product', 'XD-8080', 'sample description', 'http://itinerantnotes.com/blog/images/logo.png', 180633.42, 180633.42, 0.00, 0.00, 180633.42, 1, '2018-12-06 18:00:56', '2018-12-06 18:00:56'),
(202, 17, 1, 1, NULL, 'product', 'XP-2040', 'sample description', 'http://itinerantnotes.com/blog/images/logo.png', 79552.58, 79552.58, 0.00, 0.00, 79552.58, 1, '2018-12-06 18:00:56', '2018-12-06 18:00:56');


--
-- Dumping data for table `suppliers`
--

INSERT INTO `suppliers` (`id`, `name`, `address`, `contact`, `email`, `active`, `web_url`, `company_id`, `company_division_id`, `created_at`, `updated_at`) VALUES
(1, 'SRI LANKA TELECOM', NULL, NULL, NULL, 1, NULL, 1, 1, '2020-08-15 05:40:12', '2020-08-15 05:40:12'),
(2, 'JAT HOLDINGS', NULL, NULL, NULL, 1, NULL, 1, 1, '2020-08-15 05:40:26', '2020-08-15 05:40:26'),
(3, 'DISTILLERIES COMPANY OF SRI LANKA', NULL, NULL, NULL, 1, NULL, 1, 1, '2020-08-15 05:40:31', '2020-08-15 05:40:31'),
(4, 'COMMERCIAL BANK OF CEYLON', NULL, NULL, NULL, 1, NULL, 1, 1, '2020-08-15 05:40:37', '2020-08-15 05:40:37'),
(5, 'DIALOG TELEKOM', NULL, NULL, NULL, 1, NULL, 1, 1, '2020-08-15 05:40:42', '2020-08-15 05:40:42'),
(6, 'HATTON NATIONAL BANK', NULL, NULL, NULL, 1, NULL, 1, 1, '2020-08-15 05:40:47', '2020-08-15 05:40:47'),
(7, 'LANKA IOC', NULL, NULL, NULL, 1, NULL, 1, 1, '2020-08-15 05:40:52', '2020-08-15 05:40:52'),
(8, 'CARSON CUMBERBATCH', NULL, NULL, NULL, 1, NULL, 1, 1, '2020-08-15 05:40:58', '2020-08-15 05:40:58'),
(9, 'AITKEN SPENCE & COMPANY', NULL, NULL, NULL, 1, NULL, 1, 1, '2020-08-15 05:41:27', '2020-08-15 05:41:27'),
(10, 'CARGILLS (CEYLON)', NULL, NULL, NULL, 1, NULL, 1, 1, '2020-08-15 05:41:33', '2020-08-15 05:41:33');
