--
-- Dumping data for table `brands`
--

INSERT INTO `brands` (`id`, `parent_id`, `level`, `name`, `description`, `img_url`, `company_id`, `company_division_id`, `active`, `created_at`, `updated_at`, `userdef1`, `userdef2`, `userdef3`, `userdef4`, `userdef5`, `userdef6`, `userdef7`, `userdef8`, `userdef9`) VALUES
(1, NULL, 0, 'DOD01BgR', NULL, NULL, 1, 1, 1, '2020-08-18 11:35:28', '2020-08-18 22:30:47', NULL, NULL, NULL, NULL, NULL, NULL, NULL, NULL, NULL),
(2, NULL, 0, 'DOD01BR', NULL, NULL, 1, 1, 1, '2020-08-18 11:35:34', '2020-08-18 22:40:16', NULL, NULL, NULL, NULL, NULL, NULL, NULL, NULL, NULL),
(3, NULL, 0, 'DOD01BgB', NULL, NULL, 1, 1, 1, '2020-08-18 11:35:39', '2020-08-18 11:35:39', NULL, NULL, NULL, NULL, NULL, NULL, NULL, NULL, NULL),
(4, NULL, 0, 'DOD02Bg', NULL, NULL, 1, 1, 1, '2020-08-18 11:35:43', '2020-08-18 11:35:43', NULL, NULL, NULL, NULL, NULL, NULL, NULL, NULL, NULL),
(5, NULL, 0, 'DOD02A', NULL, NULL, 1, 1, 1, '2020-08-18 11:35:48', '2020-08-18 11:35:48', NULL, NULL, NULL, NULL, NULL, NULL, NULL, NULL, NULL),
(6, NULL, 0, 'DOD02R', NULL, NULL, 1, 1, 1, '2020-08-18 11:35:52', '2020-08-18 11:35:52', NULL, NULL, NULL, NULL, NULL, NULL, NULL, NULL, NULL),
(7, NULL, 0, 'DOD03B', NULL, NULL, 1, 1, 1, '2020-08-18 11:35:59', '2020-08-18 11:35:59', NULL, NULL, NULL, NULL, NULL, NULL, NULL, NULL, NULL),
(8, NULL, 0, 'DOD03W', NULL, NULL, 1, 1, 1, '2020-08-18 11:36:04', '2020-08-18 11:36:04', NULL, NULL, NULL, NULL, NULL, NULL, NULL, NULL, NULL),
(9, NULL, 0, 'DOD03Y', NULL, NULL, 1, 1, 1, '2020-08-18 11:36:08', '2020-08-18 11:36:08', NULL, NULL, NULL, NULL, NULL, NULL, NULL, NULL, NULL),
(10, NULL, 0, 'DOP04B', NULL, NULL, 1, 1, 1, '2020-08-19 00:18:09', '2020-08-19 00:18:09', NULL, NULL, NULL, NULL, NULL, NULL, NULL, NULL, NULL),
(11, NULL, 0, 'DOP04G', NULL, NULL, 1, 1, 1, '2020-08-19 00:18:09', '2020-08-19 00:18:09', NULL, NULL, NULL, NULL, NULL, NULL, NULL, NULL, NULL),
(12, NULL, 0, 'DOP04Bg', NULL, NULL, 1, 1, 1, '2020-08-19 00:18:09', '2020-08-19 00:18:09', NULL, NULL, NULL, NULL, NULL, NULL, NULL, NULL, NULL),
(13, NULL, 0, 'DOJ05Y', NULL, NULL, 1, 1, 1, '2020-08-19 00:18:09', '2020-08-19 00:18:09', NULL, NULL, NULL, NULL, NULL, NULL, NULL, NULL, NULL),
(14, NULL, 0, 'DOJ05P', NULL, NULL, 1, 1, 1, '2020-08-19 00:18:09', '2020-08-19 00:18:09', NULL, NULL, NULL, NULL, NULL, NULL, NULL, NULL, NULL),
(15, NULL, 0, 'DOJ05G', NULL, NULL, 1, 1, 1, '2020-08-19 00:18:09', '2020-08-19 00:18:09', NULL, NULL, NULL, NULL, NULL, NULL, NULL, NULL, NULL),
(16, NULL, 0, 'DOD06Y', NULL, NULL, 1, 1, 1, '2020-08-19 00:18:09', '2020-08-19 00:18:09', NULL, NULL, NULL, NULL, NULL, NULL, NULL, NULL, NULL),
(17, NULL, 0, 'DOD06P', NULL, NULL, 1, 1, 1, '2020-08-19 00:18:09', '2020-08-19 00:18:09', NULL, NULL, NULL, NULL, NULL, NULL, NULL, NULL, NULL),
(18, NULL, 0, 'DOD06B', NULL, NULL, 1, 1, 1, '2020-08-19 00:18:09', '2020-08-19 00:18:09', NULL, NULL, NULL, NULL, NULL, NULL, NULL, NULL, NULL),
(19, NULL, 0, 'DOD07B', NULL, NULL, 1, 1, 1, '2020-08-19 00:18:09', '2020-08-19 00:18:09', NULL, NULL, NULL, NULL, NULL, NULL, NULL, NULL, NULL),
(20, NULL, 0, 'DOD07G', NULL, NULL, 1, 1, 1, '2020-08-19 00:18:09', '2020-08-19 00:18:09', NULL, NULL, NULL, NULL, NULL, NULL, NULL, NULL, NULL),
(21, NULL, 0, 'DOD07Bg', NULL, NULL, 1, 1, 1, '2020-08-19 00:18:09', '2020-08-19 00:18:09', NULL, NULL, NULL, NULL, NULL, NULL, NULL, NULL, NULL),
(22, NULL, 0, 'DOD08Bg', NULL, NULL, 1, 1, 1, '2020-08-19 00:18:09', '2020-08-19 00:18:09', NULL, NULL, NULL, NULL, NULL, NULL, NULL, NULL, NULL),
(23, NULL, 0, 'DOD08B', NULL, NULL, 1, 1, 1, '2020-08-19 00:18:09', '2020-08-19 00:18:09', NULL, NULL, NULL, NULL, NULL, NULL, NULL, NULL, NULL),
(24, NULL, 0, 'DOD09R', NULL, NULL, 1, 1, 1, '2020-08-19 00:18:09', '2020-08-19 00:18:09', NULL, NULL, NULL, NULL, NULL, NULL, NULL, NULL, NULL),
(25, NULL, 0, 'DOD09Br', NULL, NULL, 1, 1, 1, '2020-08-19 00:18:09', '2020-08-19 00:18:09', NULL, NULL, NULL, NULL, NULL, NULL, NULL, NULL, NULL),
(26, NULL, 0, 'DOD09Bg', NULL, NULL, 1, 1, 1, '2020-08-19 00:18:09', '2020-08-19 00:18:09', NULL, NULL, NULL, NULL, NULL, NULL, NULL, NULL, NULL),
(27, NULL, 0, 'DOD10Br', NULL, NULL, 1, 1, 1, '2020-08-19 00:18:09', '2020-08-19 00:18:09', NULL, NULL, NULL, NULL, NULL, NULL, NULL, NULL, NULL),
(28, NULL, 0, 'DOD10Y', NULL, NULL, 1, 1, 1, '2020-08-19 00:18:09', '2020-08-19 00:18:09', NULL, NULL, NULL, NULL, NULL, NULL, NULL, NULL, NULL),
(29, NULL, 0, 'DOD08BL', NULL, NULL, 1, 1, 1, '2020-08-19 13:26:12', '2020-08-19 13:26:12', NULL, NULL, NULL, NULL, NULL, NULL, NULL, NULL, NULL),
(30, NULL, 0, 'DOD10Bg', NULL, NULL, 1, 1, 1, '2020-08-19 13:27:21', '2020-08-19 13:27:21', NULL, NULL, NULL, NULL, NULL, NULL, NULL, NULL, NULL);
--
-- Dumping data for table `item_code_batches`
--

INSERT INTO `item_code_batches` (`id`, `parent_id`, `level`, `code`, `description`, `company_id`, `company_division_id`, `active`, `created_at`, `updated_at`) VALUES
(1, NULL, 0, 'DOD01BgR', null,  1, 1, 1, '2020-08-18 22:35:28', '2020-08-19 09:30:47'),
(2, NULL, 0, 'DOD01BR', null, 1, 1, 1, '2020-08-18 22:35:34', '2020-08-19 09:40:16'),
(3, NULL, 0, 'DOD01BgB', NULL,  1, 1, 1, '2020-08-18 22:35:39', '2020-08-18 22:35:39'),
(4, NULL, 0, 'DOD02Bg', NULL,  1, 1, 1, '2020-08-18 22:35:43', '2020-08-18 22:35:43'),
(5, NULL, 0, 'DOD02A', NULL,  1, 1, 1, '2020-08-18 22:35:48', '2020-08-18 22:35:48'),
(6, NULL, 0, 'DOD02R', NULL,  1, 1, 1, '2020-08-18 22:35:52', '2020-08-18 22:35:52'),
(7, NULL, 0, 'DOD03B', NULL,  1, 1, 1, '2020-08-18 22:35:59', '2020-08-18 22:35:59'),
(8, NULL, 0, 'DOD03W', NULL,  1, 1, 1, '2020-08-18 22:36:04', '2020-08-18 22:36:04'),
(9, NULL, 0, 'DOD03Y', NULL,  1, 1, 1, '2020-08-18 22:36:08', '2020-08-18 22:36:08'),
(10, NULL, 0, 'DOP04B', 'Linen  Two Tone Dress',  1, 1, 1, '2020-08-19 11:18:09', '2020-08-19 11:18:09'),
(11, NULL, 0, 'DOP04G', 'Linen  Two Tone Dress',  1, 1, 1, '2020-08-19 11:18:09', '2020-08-19 11:18:09'),
(12, NULL, 0, 'DOP04Bg', 'Linen  Two Tone Dress',  1, 1, 1, '2020-08-19 11:18:09', '2020-08-19 11:18:09'),
(13, NULL, 0, 'DOJ05Y', 'Linen  Two Tone Dress',  1, 1, 1, '2020-08-19 11:18:09', '2020-08-19 11:18:09'),
(14, NULL, 0, 'DOJ05P', 'Linen  Two Tone Dress',  1, 1, 1, '2020-08-19 11:18:09', '2020-08-19 11:18:09'),
(15, NULL, 0, 'DOJ05G', 'Linen  Two Tone Dress',  1, 1, 1, '2020-08-19 11:18:09', '2020-08-19 11:18:09'),
(16, NULL, 0, 'DOD06Y', 'Linen  Two Tone Dress',  1, 1, 1, '2020-08-19 11:18:09', '2020-08-19 11:18:09'),
(17, NULL, 0, 'DOD06P', 'Linen  Two Tone Dress',  1, 1, 1, '2020-08-19 11:18:09', '2020-08-19 11:18:09'),
(18, NULL, 0, 'DOD06B', 'Linen  Two Tone Dress',  1, 1, 1, '2020-08-19 11:18:09', '2020-08-19 11:18:09'),
(19, NULL, 0, 'DOD07B', 'Linen  Two Tone Dress',  1, 1, 1, '2020-08-19 11:18:09', '2020-08-19 11:18:09'),
(20, NULL, 0, 'DOD07G', 'Linen  Two Tone Dress',  1, 1, 1, '2020-08-19 11:18:09', '2020-08-19 11:18:09'),
(21, NULL, 0, 'DOD07Bg', 'Linen  Two Tone Dress',  1, 1, 1, '2020-08-19 11:18:09', '2020-08-19 11:18:09'),
(22, NULL, 0, 'DOD08Bg', 'Linen  Two Tone Dress',  1, 1, 1, '2020-08-19 11:18:09', '2020-08-19 11:18:09'),
(23, NULL, 0, 'DOD08B', 'Linen  Two Tone Dress',  1, 1, 1, '2020-08-19 11:18:09', '2020-08-19 11:18:09'),
(24, NULL, 0, 'DOD09R', 'Linen  Two Tone Dress',  1, 1, 1, '2020-08-19 11:18:09', '2020-08-19 11:18:09'),
(25, NULL, 0, 'DOD09Br', 'Linen  Two Tone Dress',  1, 1, 1, '2020-08-19 11:18:09', '2020-08-19 11:18:09'),
(26, NULL, 0, 'DOD09Bg', 'Linen  Two Tone Dress',  1, 1, 1, '2020-08-19 11:18:09', '2020-08-19 11:18:09'),
(27, NULL, 0, 'DOD10Br', 'Linen  Two Tone Dress',  1, 1, 1, '2020-08-19 11:18:09', '2020-08-19 11:18:09'),
(28, NULL, 0, 'DOD10Y', 'Linen  Two Tone Dress',  1, 1, 1, '2020-08-19 11:18:09', '2020-08-19 11:18:09'),
(29, NULL, 0, 'DOD08BL', 'Linen  Two Tone Dress',  1, 1, 1, '2020-08-19 11:18:09', '2020-08-19 11:18:09'),
(30, NULL, 0, 'DOD10Bg', 'Linen  Two Tone Dress',  1, 1, 1, '2020-08-19 11:18:09', '2020-08-19 11:18:09');


--
-- Dumping data for table `colors`
--

INSERT INTO `colors` (`id`, `parent_id`, `level`, `code`, `description`, `company_id`, `company_division_id`, `active`, `created_at`, `updated_at`) VALUES
(1, NULL, 0, 'BgR', NULL, NULL, NULL, 1, '2020-08-19 00:19:48', '2020-08-19 00:19:48'),
(2, NULL, 0, 'BR', NULL, NULL, NULL, 1, '2020-08-19 00:19:57', '2020-08-19 00:19:57'),
(3, NULL, 0, 'BgB', NULL, NULL, NULL, 1, '2020-08-19 00:20:05', '2020-08-19 00:20:05'),
(4, NULL, 0, 'Bg', NULL, NULL, NULL, 1, '2020-08-19 00:20:13', '2020-08-19 00:20:13'),
(5, NULL, 0, 'A', NULL, NULL, NULL, 1, '2020-08-19 00:20:19', '2020-08-19 00:20:19'),
(6, NULL, 0, 'R', NULL, NULL, NULL, 1, '2020-08-19 00:20:25', '2020-08-19 00:20:25'),
(7, NULL, 0, 'B', NULL, NULL, NULL, 1, '2020-08-19 00:20:32', '2020-08-19 00:20:32'),
(8, NULL, 0, 'W', NULL, NULL, NULL, 1, '2020-08-19 00:20:32', '2020-08-19 00:20:32'),
(9, NULL, 0, 'Y', NULL, NULL, NULL, 1, '2020-08-19 00:20:32', '2020-08-19 00:20:32'),
(10, NULL, 0, 'G', NULL, NULL, NULL, 1, '2020-08-19 00:20:32', '2020-08-19 00:20:32'),
(11, NULL, 0, 'P', NULL, NULL, NULL, 1, '2020-08-19 00:20:32', '2020-08-19 00:20:32'),
(12, NULL, 0, 'BL', NULL, NULL, NULL, 1, '2020-08-19 00:20:32', '2020-08-19 00:20:32');

--
-- Dumping data for table `sizes`
--

INSERT INTO `sizes` (`id`, `parent_id`, `level`, `code`, `description`, `company_id`, `company_division_id`, `active`, `created_at`, `updated_at`) VALUES
(1, NULL, 0, 'SIZE 8/S', NULL, NULL, NULL, 1, '2020-08-19 06:01:41', '2020-08-19 06:01:41'),
(2, NULL, 0, 'SIZE 10/M', NULL, NULL, NULL, 1, '2020-08-19 06:01:55', '2020-08-19 06:01:55'),
(3, NULL, 0, 'SIZE 12/L', NULL, NULL, NULL, 1, '2020-08-19 06:03:05', '2020-08-19 06:03:05'),
(4, NULL, 0, 'SIZE 14/XL', NULL, NULL, NULL, 1, '2020-08-19 06:03:20', '2020-08-19 06:03:20'),
(5, NULL, 0, 'SIZE 16/XXL', NULL, NULL, NULL, 1, '2020-08-19 06:03:53', '2020-08-19 06:03:53');



--
-- Dumping data for table `item_codes`
--

INSERT INTO `item_codes` (`id`, `brand_id`, `category_id`, `item_code_batch_id`, `color_id`, `size_id`, `company_id`, `company_division_id`, `type_measurement_id`, `type`, `name`, `description`, `thumbnail_url`, `unit_cost`, `selling_price`, `nbt_tax_percentage`, `vat_tax_percentage`, `unit_price_with_tax`, `market_price`, `min_price`, `max_price`, `active`, `created_at`, `updated_at`, `userdef1`, `userdef2`, `userdef3`, `userdef4`, `userdef5`, `userdef6`, `userdef7`, `userdef8`, `userdef9`) VALUES
(1, 1, NULL, 1, 1, 2, 1, 1, NULL, 'product', 'DOD01BgR', 'SIZE 10/M', 'http://itinerantnotes.com/blog/images/logo.png', 500.00, 1290.00, 0.00, 0.00, 1290.00, NULL, NULL, NULL, 1, '2020-08-17 19:07:48', '2020-08-19 00:53:11', NULL, NULL, NULL, NULL, NULL, NULL, NULL, NULL, NULL),
(2, 1, NULL, 1, 1, 4, 1, 1, NULL, 'product', 'DOD01BgR', 'SIZE 14/XL', 'http://itinerantnotes.com/blog/images/logo.png', 500.00, 1290.00, 0.00, 0.00, 1290.00, NULL, NULL, NULL, 1, '2020-08-17 19:08:33', '2020-08-19 00:54:58', NULL, NULL, NULL, NULL, NULL, NULL, NULL, NULL, NULL),
(3, 1, NULL, 1, 1, 5, 1, 1, NULL, 'product', 'DOD01BgR', 'SIZE 16/XXL', 'http://itinerantnotes.com/blog/images/logo.png', 500.00, 1290.00, 0.00, 0.00, 1290.00, NULL, NULL, NULL, 1, '2020-08-17 19:10:07', '2020-08-19 00:54:46', NULL, NULL, NULL, NULL, NULL, NULL, NULL, NULL, NULL),
(4, 1, NULL, 1, 1, 3, 1, 1, NULL, 'product', 'DOD01BgR', 'SIZE 12/L', 'http://itinerantnotes.com/blog/images/logo.png', 500.00, 1290.00, 0.00, 0.00, 1290.00, NULL, NULL, NULL, 1, '2020-08-18 07:49:41', '2020-08-19 00:55:08', NULL, NULL, NULL, NULL, NULL, NULL, NULL, NULL, NULL),
(5, 2, NULL, 2, 2, 2, 1, 1, NULL, 'product', 'DOD01BR', '10/M', 'http://itinerantnotes.com/blog/images/logo.png', 500.00, 1290.00, 0.00, 0.00, 1290.00, NULL, NULL, NULL, 1, '2020-08-18 07:51:19', '2020-08-19 08:31:06', NULL, NULL, NULL, NULL, NULL, NULL, NULL, NULL, NULL),
(6, 2, NULL, 2, 2, 3, 1, 1, NULL, 'product', 'DOD01BR', '12/L', 'http://itinerantnotes.com/blog/images/logo.png', 500.00, 1290.00, 0.00, 0.00, 1290.00, NULL, NULL, NULL, 1, '2020-08-18 07:51:42', '2020-08-19 08:34:18', NULL, NULL, NULL, NULL, NULL, NULL, NULL, NULL, NULL),
(7, 2, NULL, 2, 2, 4, 1, 1, NULL, 'product', 'DOD01BR', '14/XL', 'http://itinerantnotes.com/blog/images/logo.png', 500.00, 1290.00, 0.00, 0.00, 1290.00, NULL, NULL, NULL, 1, '2020-08-18 07:53:12', '2020-08-19 08:34:28', NULL, NULL, NULL, NULL, NULL, NULL, NULL, NULL, NULL),
(8, 2, NULL, 2, 2, 5, 1, 1, NULL, 'product', 'DOD01BR', '16/XXL', 'http://itinerantnotes.com/blog/images/logo.png', 500.00, 1290.00, 0.00, 0.00, 1290.00, NULL, NULL, NULL, 1, '2020-08-18 07:54:12', '2020-08-19 08:34:39', NULL, NULL, NULL, NULL, NULL, NULL, NULL, NULL, NULL),
(9, 3, NULL, 3, 3, 2, 1, 1, NULL, 'product', 'DOD01BgB', '10/M', 'http://itinerantnotes.com/blog/images/logo.png', 500.00, 1290.00, 0.00, 0.00, 1290.00, NULL, NULL, NULL, 1, '2020-08-18 07:55:35', '2020-08-24 03:59:33', NULL, NULL, NULL, NULL, NULL, NULL, NULL, NULL, NULL),
(10, 3, NULL, 3, 3, 3, 1, 1, NULL, 'product', 'DOD01BgB', '12/L', 'http://itinerantnotes.com/blog/images/logo.png', 500.00, 1290.00, 0.00, 0.00, 1290.00, NULL, NULL, NULL, 1, '2020-08-18 08:04:57', '2020-08-19 08:35:04', NULL, NULL, NULL, NULL, NULL, NULL, NULL, NULL, NULL),
(11, 3, NULL, 3, 3, 4, 1, 1, NULL, 'product', 'DOD01BgB', '14/XL', 'http://itinerantnotes.com/blog/images/logo.png', 500.00, 1290.00, 0.00, 0.00, 1290.00, NULL, NULL, NULL, 1, '2020-08-18 08:05:24', '2020-08-19 08:35:47', NULL, NULL, NULL, NULL, NULL, NULL, NULL, NULL, NULL),
(12, 3, NULL, 3, 3, 5, 1, 1, NULL, 'product', 'DOD01BgB', '16/XXL', 'http://itinerantnotes.com/blog/images/logo.png', 500.00, 1290.00, 0.00, 0.00, 1290.00, NULL, NULL, NULL, 1, '2020-08-18 08:05:50', '2020-08-19 08:35:55', NULL, NULL, NULL, NULL, NULL, NULL, NULL, NULL, NULL),
(13, 4, NULL, 4, 4, 2, 1, 1, NULL, 'product', 'DOD02Bg', '10/M', 'http://itinerantnotes.com/blog/images/logo.png', 500.00, 1290.00, 0.00, 0.00, 1290.00, NULL, NULL, NULL, 1, '2020-08-18 08:06:21', '2020-08-24 04:04:51', NULL, NULL, NULL, NULL, NULL, NULL, NULL, NULL, NULL),
(14, 4, NULL, 4, 4, 3, 1, 1, NULL, 'product', 'DOD02Bg', '12/L', 'http://itinerantnotes.com/blog/images/logo.png', 500.00, 1290.00, 0.00, 0.00, 1290.00, NULL, NULL, NULL, 1, '2020-08-18 08:12:06', '2020-08-24 04:05:09', NULL, NULL, NULL, NULL, NULL, NULL, NULL, NULL, NULL),
(15, 4, NULL, 4, 4, 4, 1, 1, NULL, 'product', 'DOD02Bg', '14/XL', 'http://itinerantnotes.com/blog/images/logo.png', 500.00, 1290.00, 0.00, 0.00, 1290.00, NULL, NULL, NULL, 1, '2020-08-18 08:12:59', '2020-08-24 04:05:23', NULL, NULL, NULL, NULL, NULL, NULL, NULL, NULL, NULL),
(16, 4, NULL, 4, 4, 5, 1, 1, NULL, 'product', 'DOD02Bg', '16/XXL', 'http://itinerantnotes.com/blog/images/logo.png', 500.00, 1290.00, 0.00, 0.00, 1290.00, NULL, NULL, NULL, 1, '2020-08-18 08:13:32', '2020-08-24 04:05:27', NULL, NULL, NULL, NULL, NULL, NULL, NULL, NULL, NULL),
(17, 5, NULL, 5, 5, 2, 1, 1, NULL, 'product', 'DOD02A', '10/M', 'http://itinerantnotes.com/blog/images/logo.png', 500.00, 1290.00, 0.00, 0.00, 1290.00, NULL, NULL, NULL, 1, '2020-08-18 08:14:07', '2020-08-19 08:37:56', NULL, NULL, NULL, NULL, NULL, NULL, NULL, NULL, NULL),
(18, 5, NULL, 5, 5, 3, 1, 1, NULL, 'product', 'DOD02A', '12/L', 'http://itinerantnotes.com/blog/images/logo.png', 500.00, 1290.00, 0.00, 0.00, 1290.00, NULL, NULL, NULL, 1, '2020-08-18 08:14:23', '2020-08-24 04:21:46', NULL, NULL, NULL, NULL, NULL, NULL, NULL, NULL, NULL),
(19, 5, NULL, 5, 5, 4, 1, 1, NULL, 'product', 'DOD02A', '14/XL', 'http://itinerantnotes.com/blog/images/logo.png', 500.00, 1290.00, 0.00, 0.00, 1290.00, NULL, NULL, NULL, 1, '2020-08-18 08:14:39', '2020-08-24 04:21:50', NULL, NULL, NULL, NULL, NULL, NULL, NULL, NULL, NULL),
(20, 5, NULL, 5, 5, 5, 1, 1, NULL, 'product', 'DOD02A', '16/XXL', 'http://itinerantnotes.com/blog/images/logo.png', 500.00, 1290.00, 0.00, 0.00, 1290.00, NULL, NULL, NULL, 1, '2020-08-18 08:14:59', '2020-08-19 08:40:50', NULL, NULL, NULL, NULL, NULL, NULL, NULL, NULL, NULL),
(21, 6, NULL, 6, 6, 2, 1, 1, NULL, 'product', 'DOD02R', '10/M', 'http://itinerantnotes.com/blog/images/logo.png', 500.00, 1290.00, 0.00, 0.00, 1290.00, NULL, NULL, NULL, 1, '2020-08-18 08:15:31', '2020-08-19 08:41:45', NULL, NULL, NULL, NULL, NULL, NULL, NULL, NULL, NULL),
(22, 6, NULL, 6, 6, 3, 1, 1, NULL, 'product', 'DOD02R', '12/L', 'http://itinerantnotes.com/blog/images/logo.png', 500.00, 1290.00, 0.00, 0.00, 1290.00, NULL, NULL, NULL, 1, '2020-08-18 08:15:42', '2020-08-19 08:41:56', NULL, NULL, NULL, NULL, NULL, NULL, NULL, NULL, NULL),
(23, 6, NULL, 6, 6, 4, 1, 1, NULL, 'product', 'DOD02R', '14/XL', 'http://itinerantnotes.com/blog/images/logo.png', 500.00, 1290.00, 0.00, 0.00, 1290.00, NULL, NULL, NULL, 1, '2020-08-18 08:16:01', '2020-08-24 04:25:14', NULL, NULL, NULL, NULL, NULL, NULL, NULL, NULL, NULL),
(24, 6, NULL, 6, 6, 5, 1, 1, NULL, 'product', 'DOD02R', '16/XXL', 'http://itinerantnotes.com/blog/images/logo.png', 500.00, 1290.00, 0.00, 0.00, 1290.00, NULL, NULL, NULL, 1, '2020-08-18 08:16:13', '2020-08-24 04:25:17', NULL, NULL, NULL, NULL, NULL, NULL, NULL, NULL, NULL),
(25, 7, NULL, 7, 7, 2, 1, 1, NULL, 'product', 'DOD03B', '10/M', 'http://itinerantnotes.com/blog/images/logo.png', 500.00, 1290.00, 0.00, 0.00, 1290.00, NULL, NULL, NULL, 1, '2020-08-18 08:16:53', '2020-08-24 04:29:51', NULL, NULL, NULL, NULL, NULL, NULL, NULL, NULL, NULL),
(26, 7, NULL, 7, 7, 3, 1, 1, NULL, 'product', 'DOD03B', '12/L', 'http://itinerantnotes.com/blog/images/logo.png', 500.00, 1290.00, 0.00, 0.00, 1290.00, NULL, NULL, NULL, 1, '2020-08-18 08:17:10', '2020-08-24 04:29:56', NULL, NULL, NULL, NULL, NULL, NULL, NULL, NULL, NULL),
(27, 7, NULL, 7, 7, 4, 1, 1, NULL, 'product', 'DOD03B', '14/XL', 'http://itinerantnotes.com/blog/images/logo.png', 500.00, 1290.00, 0.00, 0.00, 1290.00, NULL, NULL, NULL, 1, '2020-08-18 08:17:24', '2020-08-24 04:29:59', NULL, NULL, NULL, NULL, NULL, NULL, NULL, NULL, NULL),
(28, 7, NULL, 7, 7, 5, 1, 1, NULL, 'product', 'DOD03B', '16/XXL', 'http://itinerantnotes.com/blog/images/logo.png', 500.00, 1290.00, 0.00, 0.00, 1290.00, NULL, NULL, NULL, 1, '2020-08-18 08:17:42', '2020-08-24 04:30:02', NULL, NULL, NULL, NULL, NULL, NULL, NULL, NULL, NULL),
(29, 8, NULL, 8, 8, 1, 1, 1, NULL, 'product', 'DOD03W', '10/M', 'http://itinerantnotes.com/blog/images/logo.png', 500.00, 1290.00, 0.00, 0.00, 1290.00, NULL, NULL, NULL, 1, '2020-08-18 08:18:14', '2020-08-19 08:53:45', NULL, NULL, NULL, NULL, NULL, NULL, NULL, NULL, NULL),
(30, 8, NULL, 8, 8, 3, 1, 1, NULL, 'product', 'DOD03W', '12/L', 'http://itinerantnotes.com/blog/images/logo.png', 500.00, 1290.00, 0.00, 0.00, 1290.00, NULL, NULL, NULL, 1, '2020-08-18 08:18:29', '2020-08-19 08:53:32', NULL, NULL, NULL, NULL, NULL, NULL, NULL, NULL, NULL),
(31, 8, NULL, 8, 8, 4, 1, 1, NULL, 'product', 'DOD03W', '14/XL', 'http://itinerantnotes.com/blog/images/logo.png', 500.00, 1290.00, 0.00, 0.00, 1290.00, NULL, NULL, NULL, 1, '2020-08-18 08:18:45', '2020-08-19 08:57:27', NULL, NULL, NULL, NULL, NULL, NULL, NULL, NULL, NULL),
(32, 8, NULL, 8, 8, 5, 1, 1, NULL, 'product', 'DOD03W', '16/XXL', 'http://itinerantnotes.com/blog/images/logo.png', 500.00, 1290.00, 0.00, 0.00, 1290.00, NULL, NULL, NULL, 1, '2020-08-18 08:18:59', '2020-08-19 08:57:39', NULL, NULL, NULL, NULL, NULL, NULL, NULL, NULL, NULL),
(33, 9, NULL, 9, 9, 1, 1, 1, NULL, 'product', 'DOD03Y', '8/S', 'http://itinerantnotes.com/blog/images/logo.png', 500.00, 1290.00, 0.00, 0.00, 1290.00, NULL, NULL, NULL, 1, '2020-08-18 08:20:12', '2020-08-19 08:57:58', NULL, NULL, NULL, NULL, NULL, NULL, NULL, NULL, NULL),
(34, 9, NULL, 9, 9, 2, 1, 1, NULL, 'product', 'DOD03Y', '10/M', 'http://itinerantnotes.com/blog/images/logo.png', 500.00, 1290.00, 0.00, 0.00, 1290.00, NULL, NULL, NULL, 1, '2020-08-18 08:21:29', '2020-08-19 08:58:14', NULL, NULL, NULL, NULL, NULL, NULL, NULL, NULL, NULL),
(35, 9, NULL, 9, 9, 3, 1, 1, NULL, 'product', 'DOD03Y', '12/L', 'http://itinerantnotes.com/blog/images/logo.png', 500.00, 1290.00, 0.00, 0.00, 1290.00, NULL, NULL, NULL, 1, '2020-08-18 08:21:40', '2020-08-19 08:58:29', NULL, NULL, NULL, NULL, NULL, NULL, NULL, NULL, NULL),
(36, 9, NULL, 9, 9, 4, 1, 1, NULL, 'product', 'DOD03Y', '14/XL', 'http://itinerantnotes.com/blog/images/logo.png', 500.00, 1290.00, 0.00, 0.00, 1290.00, NULL, NULL, NULL, 1, '2020-08-18 08:22:12', '2020-08-19 08:58:41', NULL, NULL, NULL, NULL, NULL, NULL, NULL, NULL, NULL),
(37, 9, NULL, 9, 9, 5, 1, 1, NULL, 'product', 'DOD03Y', '16/XXL', 'http://itinerantnotes.com/blog/images/logo.png', 500.00, 1290.00, 0.00, 0.00, 1290.00, NULL, NULL, NULL, 1, '2020-08-18 08:22:50', '2020-08-19 08:58:53', NULL, NULL, NULL, NULL, NULL, NULL, NULL, NULL, NULL),
(38, 10, NULL, 10, 7, 2, 1, 1, NULL, 'product', 'DOP04B', '10/M', 'http://itinerantnotes.com/blog/images/logo.png', 500.00, 1290.00, 0.00, 0.00, 1290.00, NULL, NULL, NULL, 1, '2020-08-18 08:23:48', '2020-08-24 12:08:45', NULL, NULL, NULL, NULL, NULL, NULL, NULL, NULL, NULL),
(39, 10, NULL, 10, 7, 3, 1, 1, NULL, 'product', 'DOP04B', '12/L', 'http://itinerantnotes.com/blog/images/logo.png', 500.00, 1290.00, 0.00, 0.00, 1290.00, NULL, NULL, NULL, 1, '2020-08-18 08:24:08', '2020-08-19 09:00:15', NULL, NULL, NULL, NULL, NULL, NULL, NULL, NULL, NULL),
(40, 10, NULL, 10, 7, 4, 1, 1, NULL, 'product', 'DOP04B', '14/XL', 'http://itinerantnotes.com/blog/images/logo.png', 500.00, 1290.00, 0.00, 0.00, 1290.00, NULL, NULL, NULL, 1, '2020-08-18 08:24:43', '2020-08-19 09:00:30', NULL, NULL, NULL, NULL, NULL, NULL, NULL, NULL, NULL),
(41, 10, NULL, 10, 7, 5, 1, 1, NULL, 'product', 'DOP04B', '16/XXL', 'http://itinerantnotes.com/blog/images/logo.png', 500.00, 1290.00, 0.00, 0.00, 1290.00, NULL, NULL, NULL, 1, '2020-08-18 08:25:08', '2020-08-19 09:00:44', NULL, NULL, NULL, NULL, NULL, NULL, NULL, NULL, NULL),
(42, 11, NULL, 11, 10, 2, 1, 1, NULL, 'product', 'DOP04G', '10/M', 'http://itinerantnotes.com/blog/images/logo.png', 500.00, 1290.00, 0.00, 0.00, 1290.00, NULL, NULL, NULL, 1, '2020-08-18 08:31:05', '2020-08-19 09:01:02', NULL, NULL, NULL, NULL, NULL, NULL, NULL, NULL, NULL),
(43, 11, NULL, 11, 10, 3, 1, 1, NULL, 'product', 'DOP04G', '12/L', 'http://itinerantnotes.com/blog/images/logo.png', 500.00, 1290.00, 0.00, 0.00, 1290.00, NULL, NULL, NULL, 1, '2020-08-18 08:33:54', '2020-08-19 09:05:18', NULL, NULL, NULL, NULL, NULL, NULL, NULL, NULL, NULL),
(44, 11, NULL, 11, 10, 4, 1, 1, NULL, 'product', 'DOP04G', '14/XL', 'http://itinerantnotes.com/blog/images/logo.png', 500.00, 1290.00, 0.00, 0.00, 1290.00, NULL, NULL, NULL, 1, '2020-08-18 08:34:16', '2020-08-19 09:05:05', NULL, NULL, NULL, NULL, NULL, NULL, NULL, NULL, NULL),
(45, 11, NULL, 11, 10, 5, 1, 1, NULL, 'product', 'DOP04G', '16/XXL', 'http://itinerantnotes.com/blog/images/logo.png', 500.00, 1290.00, 0.00, 0.00, 1290.00, NULL, NULL, NULL, 1, '2020-08-18 08:34:33', '2020-08-19 09:04:33', NULL, NULL, NULL, NULL, NULL, NULL, NULL, NULL, NULL),
(46, 12, NULL, 12, 4, 2, 1, 1, NULL, 'product', 'DOP04Bg', '10/M', 'http://itinerantnotes.com/blog/images/logo.png', 500.00, 1290.00, 0.00, 0.00, 1290.00, NULL, NULL, NULL, 1, '2020-08-18 08:36:19', '2020-08-19 09:03:43', NULL, NULL, NULL, NULL, NULL, NULL, NULL, NULL, NULL),
(47, 12, NULL, 12, 4, 3, 1, 1, NULL, 'product', 'DOP04Bg', '12/L', 'http://itinerantnotes.com/blog/images/logo.png', 500.00, 1290.00, 0.00, 0.00, 1290.00, NULL, NULL, NULL, 1, '2020-08-18 08:36:50', '2020-08-19 09:03:17', NULL, NULL, NULL, NULL, NULL, NULL, NULL, NULL, NULL),
(48, 12, NULL, 12, 4, 4, 1, 1, NULL, 'product', 'DOP04Bg', '14/XL', 'http://itinerantnotes.com/blog/images/logo.png', 500.00, 1290.00, 0.00, 0.00, 1290.00, NULL, NULL, NULL, 1, '2020-08-18 08:37:08', '2020-08-19 09:02:57', NULL, NULL, NULL, NULL, NULL, NULL, NULL, NULL, NULL),
(49, 12, NULL, 12, 4, 5, 1, 1, NULL, 'product', 'DOP04Bg', '16/XXL', 'http://itinerantnotes.com/blog/images/logo.png', 500.00, 1290.00, 0.00, 0.00, 1290.00, NULL, NULL, NULL, 1, '2020-08-18 08:37:39', '2020-08-19 09:02:27', NULL, NULL, NULL, NULL, NULL, NULL, NULL, NULL, NULL),
(50, 13, NULL, 13, 9, 2, 1, 1, NULL, 'product', 'DOJ05Y', '10/M', 'http://itinerantnotes.com/blog/images/logo.png', 500.00, 1390.00, 0.00, 0.00, 1390.00, NULL, NULL, NULL, 1, '2020-08-18 08:38:23', '2020-08-19 09:01:42', NULL, NULL, NULL, NULL, NULL, NULL, NULL, NULL, NULL),
(51, 13, NULL, 13, 9, 3, 1, 1, NULL, 'product', 'DOJ05Y', '12/L', 'http://itinerantnotes.com/blog/images/logo.png', 500.00, 1390.00, 0.00, 0.00, 1390.00, NULL, NULL, NULL, 1, '2020-08-18 08:38:39', '2020-08-19 09:07:23', NULL, NULL, NULL, NULL, NULL, NULL, NULL, NULL, NULL),
(52, 13, NULL, 13, 9, 4, 1, 1, NULL, 'product', 'DOJ05Y', '14/XL', 'http://itinerantnotes.com/blog/images/logo.png', 500.00, 1390.00, 0.00, 0.00, 1390.00, NULL, NULL, NULL, 1, '2020-08-18 08:39:15', '2020-08-19 09:07:43', NULL, NULL, NULL, NULL, NULL, NULL, NULL, NULL, NULL),
(53, 13, NULL, 13, 9, 5, 1, 1, NULL, 'product', 'DOJ05Y', '16/XXL', 'http://itinerantnotes.com/blog/images/logo.png', 500.00, 1390.00, 0.00, 0.00, 1390.00, NULL, NULL, NULL, 1, '2020-08-18 08:39:29', '2020-08-19 09:07:54', NULL, NULL, NULL, NULL, NULL, NULL, NULL, NULL, NULL),
(54, 14, NULL, 14, 11, 2, 1, 1, NULL, 'product', 'DOJ05P', '10/M', 'http://itinerantnotes.com/blog/images/logo.png', 500.00, 1390.00, 0.00, 0.00, 1390.00, NULL, NULL, NULL, 1, '2020-08-18 08:40:13', '2020-08-19 09:08:49', NULL, NULL, NULL, NULL, NULL, NULL, NULL, NULL, NULL),
(55, 14, NULL, 14, 11, 3, 1, 1, NULL, 'product', 'DOJ05P', '12/L', 'http://itinerantnotes.com/blog/images/logo.png', 500.00, 1390.00, 0.00, 0.00, 1390.00, NULL, NULL, NULL, 1, '2020-08-18 08:40:28', '2020-08-19 09:09:45', NULL, NULL, NULL, NULL, NULL, NULL, NULL, NULL, NULL),
(56, 14, NULL, 14, 11, 4, 1, 1, NULL, 'product', 'DOJ05P', '14/XL', 'http://itinerantnotes.com/blog/images/logo.png', 500.00, 1390.00, 0.00, 0.00, 1390.00, NULL, NULL, NULL, 1, '2020-08-18 08:40:44', '2020-08-19 09:09:59', NULL, NULL, NULL, NULL, NULL, NULL, NULL, NULL, NULL),
(57, 14, NULL, 14, 11, 5, 1, 1, NULL, 'product', 'DOJ05P', '16/XXL', 'http://itinerantnotes.com/blog/images/logo.png', 500.00, 1390.00, 0.00, 0.00, 1390.00, NULL, NULL, NULL, 1, '2020-08-18 08:40:57', '2020-08-19 09:10:18', NULL, NULL, NULL, NULL, NULL, NULL, NULL, NULL, NULL),
(58, 15, NULL, 15, 10, 2, 1, 1, NULL, 'product', 'DOJ05G', '10/M', 'http://itinerantnotes.com/blog/images/logo.png', 500.00, 1390.00, 0.00, 0.00, 1390.00, NULL, NULL, NULL, 1, '2020-08-18 08:42:07', '2020-08-19 09:10:44', NULL, NULL, NULL, NULL, NULL, NULL, NULL, NULL, NULL),
(59, 15, NULL, 15, 10, 3, 1, 1, NULL, 'product', 'DOJ05G', '12/L', 'http://itinerantnotes.com/blog/images/logo.png', 500.00, 1390.00, 0.00, 0.00, 1390.00, NULL, NULL, NULL, 1, '2020-08-18 08:42:23', '2020-08-19 09:11:02', NULL, NULL, NULL, NULL, NULL, NULL, NULL, NULL, NULL),
(60, 15, NULL, 15, 10, 4, 1, 1, NULL, 'product', 'DOJ05G', '14/XL', 'http://itinerantnotes.com/blog/images/logo.png', 500.00, 1390.00, 0.00, 0.00, 1390.00, NULL, NULL, NULL, 1, '2020-08-18 08:42:38', '2020-08-19 09:11:19', NULL, NULL, NULL, NULL, NULL, NULL, NULL, NULL, NULL),
(61, 15, NULL, 15, 10, 5, 1, 1, NULL, 'product', 'DOJ05G', '16/XXL', 'http://itinerantnotes.com/blog/images/logo.png', 500.00, 1390.00, 0.00, 0.00, 1390.00, NULL, NULL, NULL, 1, '2020-08-18 08:43:07', '2020-08-19 09:11:31', NULL, NULL, NULL, NULL, NULL, NULL, NULL, NULL, NULL),
(62, 16, NULL, 16, 9, 2, 1, 1, NULL, 'product', 'DOD06Y', '10/M', 'http://itinerantnotes.com/blog/images/logo.png', 500.00, 1190.00, 0.00, 0.00, 1190.00, NULL, NULL, NULL, 1, '2020-08-18 08:47:24', '2020-08-19 09:11:46', NULL, NULL, NULL, NULL, NULL, NULL, NULL, NULL, NULL),
(63, 16, NULL, 16, 9, 3, 1, 1, NULL, 'product', 'DOD06Y', '12/L', 'http://itinerantnotes.com/blog/images/logo.png', 500.00, 1190.00, 0.00, 0.00, 1190.00, NULL, NULL, NULL, 1, '2020-08-18 08:47:38', '2020-08-19 09:17:24', NULL, NULL, NULL, NULL, NULL, NULL, NULL, NULL, NULL),
(64, 16, NULL, 16, 9, 4, 1, 1, NULL, 'product', 'DOD06Y', '14/XL', 'http://itinerantnotes.com/blog/images/logo.png', 500.00, 1190.00, 0.00, 0.00, 1190.00, NULL, NULL, NULL, 1, '2020-08-18 08:47:54', '2020-08-19 09:16:53', NULL, NULL, NULL, NULL, NULL, NULL, NULL, NULL, NULL),
(65, 16, NULL, 16, 9, 5, 1, 1, NULL, 'product', 'DOD06Y', '16/XXL', 'http://itinerantnotes.com/blog/images/logo.png', 500.00, 1190.00, 0.00, 0.00, 1190.00, NULL, NULL, NULL, 1, '2020-08-18 08:48:10', '2020-08-19 09:17:04', NULL, NULL, NULL, NULL, NULL, NULL, NULL, NULL, NULL),
(66, 17, NULL, 17, 11, 2, 1, 1, NULL, 'product', 'DOD06P', '10/M', 'http://itinerantnotes.com/blog/images/logo.png', 500.00, 1190.00, 0.00, 0.00, 1190.00, NULL, NULL, NULL, 1, '2020-08-18 08:49:09', '2020-08-19 09:14:26', NULL, NULL, NULL, NULL, NULL, NULL, NULL, NULL, NULL),
(67, 17, NULL, 17, 11, 3, 1, 1, NULL, 'product', 'DOD06P', '12/L', 'http://itinerantnotes.com/blog/images/logo.png', 500.00, 1190.00, 0.00, 0.00, 1190.00, NULL, NULL, NULL, 1, '2020-08-18 08:49:23', '2020-08-19 09:14:13', NULL, NULL, NULL, NULL, NULL, NULL, NULL, NULL, NULL),
(68, 17, NULL, 17, 11, 4, 1, 1, NULL, 'product', 'DOD06P', '14/XL', 'http://itinerantnotes.com/blog/images/logo.png', 500.00, 1190.00, 0.00, 0.00, 1190.00, NULL, NULL, NULL, 1, '2020-08-18 08:49:38', '2020-08-19 09:13:47', NULL, NULL, NULL, NULL, NULL, NULL, NULL, NULL, NULL),
(69, 17, NULL, 17, 11, 5, 1, 1, NULL, 'product', 'DOD06P', '16/XXL', 'http://itinerantnotes.com/blog/images/logo.png', 500.00, 1190.00, 0.00, 0.00, 1190.00, NULL, NULL, NULL, 1, '2020-08-18 08:49:52', '2020-08-19 09:13:22', NULL, NULL, NULL, NULL, NULL, NULL, NULL, NULL, NULL),
(70, 18, NULL, 18, 7, 2, 1, 1, NULL, 'product', 'DOD06B', '10/M', 'http://itinerantnotes.com/blog/images/logo.png', 500.00, 1190.00, 0.00, 0.00, 1190.00, NULL, NULL, NULL, 1, '2020-08-18 08:56:14', '2020-08-19 09:33:35', NULL, NULL, NULL, NULL, NULL, NULL, NULL, NULL, NULL),
(71, 18, NULL, 18, 7, 3, 1, 1, NULL, 'product', 'DOD06B', '12/L', 'http://itinerantnotes.com/blog/images/logo.png', 500.00, 1190.00, 0.00, 0.00, 1190.00, NULL, NULL, NULL, 1, '2020-08-18 08:56:32', '2020-08-19 09:33:48', NULL, NULL, NULL, NULL, NULL, NULL, NULL, NULL, NULL),
(72, 18, NULL, 18, 7, 4, 1, 1, NULL, 'product', 'DOD06B', '14/XL', 'http://itinerantnotes.com/blog/images/logo.png', 500.00, 1190.00, 0.00, 0.00, 1190.00, NULL, NULL, NULL, 1, '2020-08-18 08:56:50', '2020-08-19 09:34:00', NULL, NULL, NULL, NULL, NULL, NULL, NULL, NULL, NULL),
(73, 18, NULL, 18, 7, 5, 1, 1, NULL, 'product', 'DOD06B', '16/XXL', 'http://itinerantnotes.com/blog/images/logo.png', 500.00, 1190.00, 0.00, 0.00, 1190.00, NULL, NULL, NULL, 1, '2020-08-18 08:57:05', '2020-08-19 09:34:25', NULL, NULL, NULL, NULL, NULL, NULL, NULL, NULL, NULL),
(74, 19, NULL, 19, 7, 1, 1, 1, NULL, 'product', 'DOD07B', '8/S', 'http://itinerantnotes.com/blog/images/logo.png', 500.00, 1190.00, 0.00, 0.00, 1190.00, NULL, NULL, NULL, 1, '2020-08-18 08:57:51', '2020-08-19 09:36:15', NULL, NULL, NULL, NULL, NULL, NULL, NULL, NULL, NULL),
(75, 19, NULL, 19, 7, 2, 1, 1, NULL, 'product', 'DOD07B', '10/M', 'http://itinerantnotes.com/blog/images/logo.png', 500.00, 1190.00, 0.00, 0.00, 1190.00, NULL, NULL, NULL, 1, '2020-08-18 08:58:02', '2020-08-19 09:36:26', NULL, NULL, NULL, NULL, NULL, NULL, NULL, NULL, NULL),
(76, 19, NULL, 19, 7, 3, 1, 1, NULL, 'product', 'DOD07B', '12/L', 'http://itinerantnotes.com/blog/images/logo.png', 500.00, 1190.00, 0.00, 0.00, 1190.00, NULL, NULL, NULL, 1, '2020-08-18 08:58:17', '2020-08-19 09:36:39', NULL, NULL, NULL, NULL, NULL, NULL, NULL, NULL, NULL),
(77, 19, NULL, 19, 7, 4, 1, 1, NULL, 'product', 'DOD07B', '14/XL', 'http://itinerantnotes.com/blog/images/logo.png', 500.00, 1190.00, 0.00, 0.00, 1190.00, NULL, NULL, NULL, 1, '2020-08-18 08:58:30', '2020-08-19 09:36:52', NULL, NULL, NULL, NULL, NULL, NULL, NULL, NULL, NULL),
(78, 19, NULL, 19, 7, 5, 1, 1, NULL, 'product', 'DOD07B', '16/XXL', 'http://itinerantnotes.com/blog/images/logo.png', 500.00, 1190.00, 0.00, 0.00, 1190.00, NULL, NULL, NULL, 1, '2020-08-18 08:58:46', '2020-08-19 15:48:37', NULL, NULL, NULL, NULL, NULL, NULL, NULL, NULL, NULL),
(79, 20, NULL, 20, 10, 1, 1, 1, NULL, 'product', 'DOD07G', '8/S', 'http://itinerantnotes.com/blog/images/logo.png', 500.00, 1190.00, 0.00, 0.00, 1190.00, NULL, NULL, NULL, 1, '2020-08-18 08:59:28', '2020-08-19 15:49:04', NULL, NULL, NULL, NULL, NULL, NULL, NULL, NULL, NULL),
(80, 20, NULL, 20, 10, 2, 1, 1, NULL, 'product', 'DOD07G', '10/M', 'http://itinerantnotes.com/blog/images/logo.png', 500.00, 1190.00, 0.00, 0.00, 1190.00, NULL, NULL, NULL, 1, '2020-08-18 08:59:41', '2020-08-19 15:49:21', NULL, NULL, NULL, NULL, NULL, NULL, NULL, NULL, NULL),
(81, 20, NULL, 20, 10, 3, 1, 1, NULL, 'product', 'DOD07G', '12/L', 'http://itinerantnotes.com/blog/images/logo.png', 500.00, 1190.00, 0.00, 0.00, 1190.00, NULL, NULL, NULL, 1, '2020-08-18 09:00:00', '2020-08-19 15:50:10', NULL, NULL, NULL, NULL, NULL, NULL, NULL, NULL, NULL),
(82, 20, NULL, 20, 10, 4, 1, 1, NULL, 'product', 'DOD07G', '14/XL', 'http://itinerantnotes.com/blog/images/logo.png', 500.00, 1190.00, 0.00, 0.00, 1190.00, NULL, NULL, NULL, 1, '2020-08-18 09:02:27', '2020-08-19 15:50:46', NULL, NULL, NULL, NULL, NULL, NULL, NULL, NULL, NULL),
(83, 20, NULL, 20, 10, 5, 1, 1, NULL, 'product', 'DOD07G', '16/XXL', 'http://itinerantnotes.com/blog/images/logo.png', 500.00, 1190.00, 0.00, 0.00, 1190.00, NULL, NULL, NULL, 1, '2020-08-18 09:02:45', '2020-08-19 15:51:07', NULL, NULL, NULL, NULL, NULL, NULL, NULL, NULL, NULL),
(84, 21, NULL, 21, 4, 1, 1, 1, NULL, 'product', 'DOD07Bg', '8/S', 'http://itinerantnotes.com/blog/images/logo.png', 500.00, 1190.00, 0.00, 0.00, 1190.00, NULL, NULL, NULL, 1, '2020-08-18 09:03:11', '2020-08-19 15:52:23', NULL, NULL, NULL, NULL, NULL, NULL, NULL, NULL, NULL),
(85, 21, NULL, 21, 4, 2, 1, 1, NULL, 'product', 'DOD07Bg', '10/M', 'http://itinerantnotes.com/blog/images/logo.png', 500.00, 1190.00, 0.00, 0.00, 1190.00, NULL, NULL, NULL, 1, '2020-08-18 09:03:24', '2020-08-19 15:52:45', NULL, NULL, NULL, NULL, NULL, NULL, NULL, NULL, NULL),
(86, 21, NULL, 21, 4, 3, 1, 1, NULL, 'product', 'DOD07Bg', '12/L', 'http://itinerantnotes.com/blog/images/logo.png', 500.00, 1190.00, 0.00, 0.00, 1190.00, NULL, NULL, NULL, 1, '2020-08-18 09:03:37', '2020-08-19 15:53:25', NULL, NULL, NULL, NULL, NULL, NULL, NULL, NULL, NULL),
(87, 21, NULL, 21, 4, 4, 1, 1, NULL, 'product', 'DOD07Bg', '14/XL', 'http://itinerantnotes.com/blog/images/logo.png', 500.00, 1190.00, 0.00, 0.00, 1190.00, NULL, NULL, NULL, 1, '2020-08-18 09:03:52', '2020-08-19 15:55:49', NULL, NULL, NULL, NULL, NULL, NULL, NULL, NULL, NULL),
(88, 21, NULL, 21, 4, 5, 1, 1, NULL, 'product', 'DOD07Bg', '16/XXL', 'http://itinerantnotes.com/blog/images/logo.png', 500.00, 1190.00, 0.00, 0.00, 1190.00, NULL, NULL, NULL, 1, '2020-08-18 09:04:10', '2020-08-19 15:56:34', NULL, NULL, NULL, NULL, NULL, NULL, NULL, NULL, NULL),
(89, 22, NULL, 22, 4, 2, 1, 1, NULL, 'product', 'DOD08Bg', '10/M', 'http://itinerantnotes.com/blog/images/logo.png', 500.00, 1390.00, 0.00, 0.00, 1390.00, NULL, NULL, NULL, 1, '2020-08-18 09:04:43', '2020-08-19 15:59:22', NULL, NULL, NULL, NULL, NULL, NULL, NULL, NULL, NULL),
(90, 22, NULL, 22, 4, 3, 1, 1, NULL, 'product', 'DOD08Bg', '12/L', 'http://itinerantnotes.com/blog/images/logo.png', 500.00, 1390.00, 0.00, 0.00, 1390.00, NULL, NULL, NULL, 1, '2020-08-18 09:05:02', '2020-08-19 15:57:37', NULL, NULL, NULL, NULL, NULL, NULL, NULL, NULL, NULL),
(91, 12, NULL, 22, 4, 4, 1, 1, NULL, 'product', 'DOD08Bg', '14/XL', 'http://itinerantnotes.com/blog/images/logo.png', 500.00, 1390.00, 0.00, 0.00, 1390.00, NULL, NULL, NULL, 1, '2020-08-18 09:05:17', '2020-08-19 15:57:14', NULL, NULL, NULL, NULL, NULL, NULL, NULL, NULL, NULL),
(92, 22, NULL, 22, 4, 5, 1, 1, NULL, 'product', 'DOD08Bg', '16/XXL', 'http://itinerantnotes.com/blog/images/logo.png', 500.00, 1390.00, 0.00, 0.00, 1390.00, NULL, NULL, NULL, 1, '2020-08-18 09:05:30', '2020-08-19 15:56:54', NULL, NULL, NULL, NULL, NULL, NULL, NULL, NULL, NULL),
(93, 29, NULL, 29, 12, 2, 1, 1, NULL, 'product', 'DOD08BL', '10/M', 'http://itinerantnotes.com/blog/images/logo.png', 500.00, 1390.00, 0.00, 0.00, 1390.00, NULL, NULL, NULL, 1, '2020-08-18 09:05:59', '2020-08-19 15:56:25', NULL, NULL, NULL, NULL, NULL, NULL, NULL, NULL, NULL),
(94, 29, NULL, 29, 12, 3, 1, 1, NULL, 'product', 'DOD08BL', '12/L', 'http://itinerantnotes.com/blog/images/logo.png', 500.00, 1390.00, 0.00, 0.00, 1390.00, NULL, NULL, NULL, 1, '2020-08-18 09:06:16', '2020-08-19 15:56:13', NULL, NULL, NULL, NULL, NULL, NULL, NULL, NULL, NULL),
(95, 29, NULL, 29, 12, 4, 1, 1, NULL, 'product', 'DOD08BL', '14/XL', 'http://itinerantnotes.com/blog/images/logo.png', 500.00, 1390.00, 0.00, 0.00, 1390.00, NULL, NULL, NULL, 1, '2020-08-18 09:06:56', '2020-08-19 15:55:54', NULL, NULL, NULL, NULL, NULL, NULL, NULL, NULL, NULL),
(96, 29, NULL, 29, 12, 4, 1, 1, NULL, 'product', 'DOD08BL', '14/XL', 'http://itinerantnotes.com/blog/images/logo.png', 500.00, 1390.00, 0.00, 0.00, 1390.00, NULL, NULL, NULL, 1, '2020-08-18 09:07:00', '2020-08-19 15:55:37', NULL, NULL, NULL, NULL, NULL, NULL, NULL, NULL, NULL),
(97, 29, NULL, 29, 12, 5, 1, 1, NULL, 'product', 'DOD08BL', '16/XXL', 'http://itinerantnotes.com/blog/images/logo.png', 500.00, 1390.00, 0.00, 0.00, 1390.00, NULL, NULL, NULL, 1, '2020-08-18 09:07:35', '2020-08-19 15:55:01', NULL, NULL, NULL, NULL, NULL, NULL, NULL, NULL, NULL),
(98, 23, NULL, 23, 7, 2, 1, 1, NULL, 'product', 'DOD08B', '10/M', 'http://itinerantnotes.com/blog/images/logo.png', 500.00, 1390.00, 0.00, 0.00, 1390.00, NULL, NULL, NULL, 1, '2020-08-18 09:08:03', '2020-08-19 15:54:45', NULL, NULL, NULL, NULL, NULL, NULL, NULL, NULL, NULL),
(99, 23, NULL, 23, 7, 3, 1, 1, NULL, 'product', 'DOD08B', '12/L', 'http://itinerantnotes.com/blog/images/logo.png', 500.00, 1390.00, 0.00, 0.00, 1390.00, NULL, NULL, NULL, 1, '2020-08-18 09:08:19', '2020-08-19 15:53:35', NULL, NULL, NULL, NULL, NULL, NULL, NULL, NULL, NULL),
(100, 23, NULL, 23, 7, 4, 1, 1, NULL, 'product', 'DOD08B', '14/XL', 'http://itinerantnotes.com/blog/images/logo.png', 500.00, 1390.00, 0.00, 0.00, 1390.00, NULL, NULL, NULL, 1, '2020-08-18 09:08:34', '2020-08-19 15:53:10', NULL, NULL, NULL, NULL, NULL, NULL, NULL, NULL, NULL),
(101, 23, NULL, 23, 7, 5, 1, 1, NULL, 'product', 'DOD08B', '16/XXL', 'http://itinerantnotes.com/blog/images/logo.png', 500.00, 1390.00, 0.00, 0.00, 1390.00, NULL, NULL, NULL, 1, '2020-08-18 09:08:46', '2020-08-19 09:19:30', NULL, NULL, NULL, NULL, NULL, NULL, NULL, NULL, NULL),
(102, 24, NULL, 24, 6, 2, 1, 1, NULL, 'product', 'DOD09R', '10/M', 'http://itinerantnotes.com/blog/images/logo.png', 500.00, 1290.00, 0.00, 0.00, 1290.00, NULL, NULL, NULL, 1, '2020-08-18 09:09:13', '2020-08-19 09:26:05', NULL, NULL, NULL, NULL, NULL, NULL, NULL, NULL, NULL),
(103, 24, NULL, 24, 6, 3, 1, 1, NULL, 'product', 'DOD09R', '12/L', 'http://itinerantnotes.com/blog/images/logo.png', 500.00, 1290.00, 0.00, 0.00, 1290.00, NULL, NULL, NULL, 1, '2020-08-18 09:09:25', '2020-08-19 09:25:42', NULL, NULL, NULL, NULL, NULL, NULL, NULL, NULL, NULL),
(104, 24, NULL, 24, 6, 4, 1, 1, NULL, 'product', 'DOD09R', '14/XL', 'http://itinerantnotes.com/blog/images/logo.png', 500.00, 1290.00, 0.00, 0.00, 1290.00, NULL, NULL, NULL, 1, '2020-08-18 09:09:36', '2020-08-19 09:25:27', NULL, NULL, NULL, NULL, NULL, NULL, NULL, NULL, NULL),
(105, 24, NULL, 24, 6, 5, 1, 1, NULL, 'product', 'DOD09R', '16/XXL', 'http://itinerantnotes.com/blog/images/logo.png', 500.00, 1290.00, 0.00, 0.00, 1290.00, NULL, NULL, NULL, 1, '2020-08-18 09:09:49', '2020-08-19 09:25:12', NULL, NULL, NULL, NULL, NULL, NULL, NULL, NULL, NULL),
(106, 25, NULL, 25, 2, 2, 1, 1, NULL, 'product', 'DOD09Br', '10/M', 'http://itinerantnotes.com/blog/images/logo.png', 500.00, 1290.00, 0.00, 0.00, 1290.00, NULL, NULL, NULL, 1, '2020-08-18 09:10:07', '2020-08-19 09:24:54', NULL, NULL, NULL, NULL, NULL, NULL, NULL, NULL, NULL),
(107, 25, NULL, 25, 2, 3, 1, 1, NULL, 'product', 'DOD09Br', '12/L', 'http://itinerantnotes.com/blog/images/logo.png', 500.00, 1290.00, 0.00, 0.00, 1290.00, NULL, NULL, NULL, 1, '2020-08-18 09:10:29', '2020-08-19 09:24:23', NULL, NULL, NULL, NULL, NULL, NULL, NULL, NULL, NULL),
(108, 25, NULL, 25, 2, 4, 1, 1, NULL, 'product', 'DOD09Br', '14/XL', 'http://itinerantnotes.com/blog/images/logo.png', 500.00, 1290.00, 0.00, 0.00, 1290.00, NULL, NULL, NULL, 1, '2020-08-18 09:10:40', '2020-08-19 09:23:40', NULL, NULL, NULL, NULL, NULL, NULL, NULL, NULL, NULL),
(109, 2, NULL, 2, 2, 5, 1, 1, NULL, 'product', 'DOD09Br', '16/XXL', 'http://itinerantnotes.com/blog/images/logo.png', 500.00, 1290.00, 0.00, 0.00, 1290.00, NULL, NULL, NULL, 1, '2020-08-18 09:10:51', '2020-08-19 09:23:03', NULL, NULL, NULL, NULL, NULL, NULL, NULL, NULL, NULL),
(110, 26, NULL, 26, 4, 2, 1, 1, NULL, 'product', 'DOD09Bg', '10/M', 'http://itinerantnotes.com/blog/images/logo.png', 500.00, 1290.00, 0.00, 0.00, 1290.00, NULL, NULL, NULL, 1, '2020-08-18 09:11:17', '2020-08-19 09:22:49', NULL, NULL, NULL, NULL, NULL, NULL, NULL, NULL, NULL),
(111, 26, NULL, 26, 4, 3, 1, 1, NULL, 'product', 'DOD09Bg', '12/L', 'http://itinerantnotes.com/blog/images/logo.png', 500.00, 1290.00, 0.00, 0.00, 1290.00, NULL, NULL, NULL, 1, '2020-08-18 09:11:28', '2020-08-19 09:22:32', NULL, NULL, NULL, NULL, NULL, NULL, NULL, NULL, NULL),
(112, 26, NULL, 22, 4, 4, 1, 1, NULL, 'product', 'DOD09Bg', '14/XL', 'http://itinerantnotes.com/blog/images/logo.png', 500.00, 1290.00, 0.00, 0.00, 1290.00, NULL, NULL, NULL, 1, '2020-08-18 09:11:40', '2020-08-19 09:22:15', NULL, NULL, NULL, NULL, NULL, NULL, NULL, NULL, NULL),
(113, 26, NULL, 26, 4, 5, 1, 1, NULL, 'product', 'DOD09Bg', '16/XXL', 'http://itinerantnotes.com/blog/images/logo.png', 500.00, 1290.00, 0.00, 0.00, 1290.00, NULL, NULL, NULL, 1, '2020-08-18 09:11:52', '2020-08-19 09:21:59', NULL, NULL, NULL, NULL, NULL, NULL, NULL, NULL, NULL),
(114, 27, NULL, 27, 2, 2, 1, 1, NULL, 'product', 'DOD10Br', '10/M', 'http://itinerantnotes.com/blog/images/logo.png', 500.00, 1290.00, 0.00, 0.00, 1290.00, NULL, NULL, NULL, 1, '2020-08-18 09:12:15', '2020-08-24 13:50:28', NULL, NULL, NULL, NULL, NULL, NULL, NULL, NULL, NULL),
(115, 27, NULL, 27, 2, 3, 1, 1, NULL, 'product', 'DOD10Br', '12/L', 'http://itinerantnotes.com/blog/images/logo.png', 500.00, 1290.00, 0.00, 0.00, 1290.00, NULL, NULL, NULL, 1, '2020-08-18 09:12:26', '2020-08-24 13:50:44', NULL, NULL, NULL, NULL, NULL, NULL, NULL, NULL, NULL),
(116, 27, NULL, 27, 2, 4, 1, 1, NULL, 'product', 'DOD10Br', '14/XL', 'http://itinerantnotes.com/blog/images/logo.png', 500.00, 1290.00, 0.00, 0.00, 1290.00, NULL, NULL, NULL, 1, '2020-08-18 09:12:38', '2020-08-19 08:38:35', NULL, NULL, NULL, NULL, NULL, NULL, NULL, NULL, NULL),
(117, 27, NULL, 27, 2, 5, 1, 1, NULL, 'product', 'DOD10Br', '16/XXL', 'http://itinerantnotes.com/blog/images/logo.png', 500.00, 1290.00, 0.00, 0.00, 1290.00, NULL, NULL, NULL, 1, '2020-08-18 09:12:49', '2020-08-19 08:38:12', NULL, NULL, NULL, NULL, NULL, NULL, NULL, NULL, NULL),
(118, 30, NULL, 30, 4, 2, 1, 1, NULL, 'product', 'DOD10Bg', '10/M', 'http://itinerantnotes.com/blog/images/logo.png', 500.00, 1290.00, 0.00, 0.00, 1290.00, NULL, NULL, NULL, 1, '2020-08-18 09:13:24', '2020-08-19 16:01:19', NULL, NULL, NULL, NULL, NULL, NULL, NULL, NULL, NULL),
(119, 30, NULL, 30, 4, 3, 1, 1, NULL, 'product', 'DOD10Bg', '12/L', 'http://itinerantnotes.com/blog/images/logo.png', 500.00, 1290.00, 0.00, 0.00, 1290.00, NULL, NULL, NULL, 1, '2020-08-18 09:13:41', '2020-08-19 08:36:59', NULL, NULL, NULL, NULL, NULL, NULL, NULL, NULL, NULL),
(120, 30, NULL, 30, 4, 4, 1, 1, NULL, 'product', 'DOD10Bg', '14/XL', 'http://itinerantnotes.com/blog/images/logo.png', 500.00, 1290.00, 0.00, 0.00, 1290.00, NULL, NULL, NULL, 1, '2020-08-18 09:13:53', '2020-08-19 08:36:35', NULL, NULL, NULL, NULL, NULL, NULL, NULL, NULL, NULL),
(121, 30, NULL, 30, 4, 5, 1, 1, NULL, 'product', 'DOD10Bg', '16/XXL', 'http://itinerantnotes.com/blog/images/logo.png', 500.00, 1290.00, 0.00, 0.00, 1290.00, NULL, NULL, NULL, 1, '2020-08-18 09:14:11', '2020-08-19 08:36:11', NULL, NULL, NULL, NULL, NULL, NULL, NULL, NULL, NULL),
(122, 28, NULL, 28, 9, 2, 1, 1, NULL, 'product', 'DOD10Y', '10/M', 'http://itinerantnotes.com/blog/images/logo.png', 500.00, 1290.00, 0.00, 0.00, 1290.00, NULL, NULL, NULL, 1, '2020-08-18 09:14:34', '2020-08-19 08:35:03', NULL, NULL, NULL, NULL, NULL, NULL, NULL, NULL, NULL),
(123, 28, NULL, 28, 9, 3, 1, 1, NULL, 'product', 'DOD10Y', '12/L', 'http://itinerantnotes.com/blog/images/logo.png', 500.00, 1290.00, 0.00, 0.00, 1290.00, NULL, NULL, NULL, 1, '2020-08-18 09:14:46', '2020-08-19 08:34:30', NULL, NULL, NULL, NULL, NULL, NULL, NULL, NULL, NULL),
(124, 28, NULL, 28, 9, 4, 1, 1, NULL, 'product', 'DOD10Y', '14/XL', 'http://itinerantnotes.com/blog/images/logo.png', 500.00, 1290.00, 0.00, 0.00, 1290.00, NULL, NULL, NULL, 1, '2020-08-18 09:14:58', '2020-08-19 08:34:03', NULL, NULL, NULL, NULL, NULL, NULL, NULL, NULL, NULL),
(125, 28, NULL, 28, 9, 5, 1, 1, NULL, 'product', 'DOD10Y', '16/XXL', 'http://itinerantnotes.com/blog/images/logo.png', 500.00, 1290.00, 0.00, 0.00, 1290.00, NULL, NULL, NULL, 1, '2020-08-18 09:15:14', '2020-08-19 08:28:36', NULL, NULL, NULL, NULL, NULL, NULL, NULL, NULL, NULL),
(126, 7, NULL, 7, 7, 1, 1, 1, NULL, 'product', 'DOD03B', '8/S', 'http://itinerantnotes.com/blog/images/logo.png', 500.00, 1290.00, 0.00, 0.00, 1290.00, NULL, NULL, NULL, 1, '2020-08-24 04:32:33', '2020-08-24 04:32:33', NULL, NULL, NULL, NULL, NULL, NULL, NULL, NULL, NULL),
(127, 7, NULL, 7, 7, 1, 1, 1, NULL, 'product', 'DOD03B', '8/S', 'http://itinerantnotes.com/blog/images/logo.png', 500.00, 1290.00, 0.00, 0.00, 1290.00, NULL, NULL, NULL, 1, '2020-08-24 04:34:33', '2020-08-24 04:34:33', NULL, NULL, NULL, NULL, NULL, NULL, NULL, NULL, NULL),
(128, 8, NULL, 8, 8, 2, 1, 1, NULL, 'product', 'DOD03W', '10/M', NULL, 500.00, 1290.00, 0.00, 0.00, 1290.00, NULL, NULL, NULL, 1, '2020-08-24 11:50:21', '2020-08-24 11:50:21', NULL, NULL, NULL, NULL, NULL, NULL, NULL, NULL, NULL),
(129, 10, NULL, 10, 7, 2, 1, 1, NULL, 'product', 'DOD04B', '10/M', NULL, 500.00, 1290.00, 0.00, 0.00, 1290.00, NULL, NULL, NULL, 1, '2020-08-24 12:04:31', '2020-08-24 12:04:31', NULL, NULL, NULL, NULL, NULL, NULL, NULL, NULL, NULL);

--
-- Dumping data for table `customers`
--

INSERT INTO `customers` (`id`, `name`, `code`, `contact`, `dob`, `contact_1`, `contact_2`, `contact_3`, `email`, `file_no`, `address_1`, `address_2`, `address_3`, `fax_number`, `secretary_id`, `date_of_incorporation`, `tin_no`, `vat_no`, `nic`, `passport`, `ceo`, `ceo_contact`, `ceo_email`, `cfo`, `cfo_contact`, `cfo_email`, `website`, `service_id`, `sector_id`, `location`, `description`, `created_at`, `updated_at`, `created_by`, `updated_by`, `userdef1`, `userdef2`, `userdef3`, `userdef4`, `userdef5`, `userdef6`, `userdef7`, `userdef8`, `userdef9`) VALUES
(1, 'Mashi Abeywickrama', NULL, NULL, '2020-08-20', NULL, NULL, NULL, NULL, NULL, NULL, NULL, NULL, NULL, NULL, NULL, NULL, NULL, NULL, NULL, NULL, NULL, NULL, NULL, NULL, NULL, NULL, NULL, NULL, NULL, NULL, '2020-08-20 03:50:55', '2020-08-20 03:50:55', 1, 1, NULL, NULL, NULL, NULL, NULL, NULL, NULL, NULL, NULL),
(2, 'E.M Shashikala Darshani', NULL, '0753555915', '2020-08-24', NULL, NULL, NULL, NULL, NULL, 'Dedigama Group,\r\nLavenderdish Leisure,\r\nHotel Section,\r\nNo 12, \r\nDehiwala Road,\r\nMaharagama.', NULL, NULL, NULL, NULL, NULL, NULL, NULL, NULL, NULL, NULL, NULL, NULL, NULL, NULL, NULL, NULL, NULL, NULL, 'Maharagama', 'DOD01BGR', '2020-08-25 09:39:48', '2020-08-25 09:39:48', 2, 2, NULL, NULL, NULL, NULL, NULL, NULL, NULL, NULL, NULL);



--
-- Dumping data for table `grns`
--

INSERT INTO `grns` (`id`, `company_id`, `company_division_id`, `supplier_id`, `created_by`, `company_purchase_order_id`, `code`, `date`, `posted_to_stock`, `total`, `commit`, `remarks`, `userdef1`, `userdef2`, `userdef3`, `userdef4`, `userdef5`, `userdef6`, `userdef7`, `userdef8`, `userdef9`, `created_at`, `updated_at`) VALUES
(1, NULL, 1, NULL, 1, NULL, 'GRN-2020|8|24-0001', '2020-08-24', 1, 46440, 0, NULL, NULL, NULL, NULL, NULL, NULL, NULL, NULL, NULL, NULL, '2020-08-24 11:36:36', '2020-08-24 11:36:47'),
(2, NULL, 1, NULL, 1, NULL, 'GRN-2020|8|24-0002', '2020-08-24', 0, 23220, 0, NULL, NULL, NULL, NULL, NULL, NULL, NULL, NULL, NULL, NULL, '2020-08-24 11:40:29', '2020-08-24 11:40:29'),
(3, NULL, 1, NULL, 1, NULL, 'GRN-2020|8|24-0003', '2020-08-24', 0, 23220, 0, NULL, NULL, NULL, NULL, NULL, NULL, NULL, NULL, NULL, NULL, '2020-08-24 11:40:31', '2020-08-24 11:40:31'),
(4, NULL, 1, NULL, 1, NULL, 'GRN-2020|8|24-0004', '2020-08-24', 0, 23220, 0, NULL, NULL, NULL, NULL, NULL, NULL, NULL, NULL, NULL, NULL, '2020-08-24 11:40:31', '2020-08-24 11:40:32'),
(5, NULL, 1, NULL, 1, NULL, 'GRN-2020|8|24-0005', '2020-08-24', 0, 23220, 0, NULL, NULL, NULL, NULL, NULL, NULL, NULL, NULL, NULL, NULL, '2020-08-24 11:40:32', '2020-08-24 11:40:32'),
(6, NULL, 1, NULL, 1, NULL, 'GRN-2020|8|24-0006', '2020-08-24', 0, 23220, 0, NULL, NULL, NULL, NULL, NULL, NULL, NULL, NULL, NULL, NULL, '2020-08-24 11:40:32', '2020-08-24 11:40:32'),
(7, NULL, 1, NULL, 1, NULL, 'GRN-2020|8|24-0007', '2020-08-24', 0, 23220, 0, NULL, NULL, NULL, NULL, NULL, NULL, NULL, NULL, NULL, NULL, '2020-08-24 11:40:32', '2020-08-24 11:40:32'),
(8, NULL, 1, NULL, 1, NULL, 'GRN-2020|8|24-0008', '2020-08-24', 0, 23220, 0, NULL, NULL, NULL, NULL, NULL, NULL, NULL, NULL, NULL, NULL, '2020-08-24 11:40:32', '2020-08-24 11:40:32'),
(9, NULL, 1, NULL, 1, NULL, 'GRN-2020|8|24-0009', '2020-08-24', 1, 23220, 0, NULL, NULL, NULL, NULL, NULL, NULL, NULL, NULL, NULL, NULL, '2020-08-24 11:40:32', '2020-08-24 11:40:43'),
(10, NULL, 1, NULL, 1, NULL, 'GRN-2020|8|24-00010', '2020-08-24', 1, 61920, 0, NULL, NULL, NULL, NULL, NULL, NULL, NULL, NULL, NULL, NULL, '2020-08-24 11:43:34', '2020-08-24 11:43:40'),
(11, NULL, 1, NULL, 1, NULL, 'GRN-2020|8|24-00011', '2020-08-24', 1, 30960, 0, NULL, NULL, NULL, NULL, NULL, NULL, NULL, NULL, NULL, NULL, '2020-08-24 11:44:29', '2020-08-24 11:44:35'),
(12, NULL, 1, NULL, 1, NULL, 'GRN-2020|8|24-00012', '2020-08-24', 1, 30960, 0, NULL, NULL, NULL, NULL, NULL, NULL, NULL, NULL, NULL, NULL, '2020-08-24 11:47:10', '2020-08-24 11:47:19'),
(13, NULL, 1, NULL, 1, NULL, 'GRN-2020|8|24-00013', '2020-08-24', 1, 23220, 0, NULL, NULL, NULL, NULL, NULL, NULL, NULL, NULL, NULL, NULL, '2020-08-24 12:09:49', '2020-08-24 12:09:54'),
(14, NULL, 1, NULL, 1, NULL, 'GRN-2020|8|24-00014', '2020-08-24', 1, 33360, 0, NULL, NULL, NULL, NULL, NULL, NULL, NULL, NULL, NULL, NULL, '2020-08-24 12:11:30', '2020-08-24 12:11:38'),
(15, NULL, 1, NULL, 1, NULL, 'GRN-2020|8|24-00015', '2020-08-24', 1, 28560, 0, NULL, NULL, NULL, NULL, NULL, NULL, NULL, NULL, NULL, NULL, '2020-08-24 12:13:11', '2020-08-24 12:13:16'),
(16, NULL, 1, NULL, 1, NULL, 'GRN-2020|8|24-00016', '2020-08-24', 1, 28380, 0, NULL, NULL, NULL, NULL, NULL, NULL, NULL, NULL, NULL, NULL, '2020-08-24 13:23:22', '2020-08-24 13:23:30'),
(17, NULL, 1, NULL, 1, NULL, 'GRN-2020|8|24-00017', '2020-08-24', 1, 28380, 0, NULL, NULL, NULL, NULL, NULL, NULL, NULL, NULL, NULL, NULL, '2020-08-24 13:27:46', '2020-08-24 13:27:53'),
(18, NULL, 1, NULL, 1, NULL, 'GRN-2020|8|24-00018', '2020-08-24', 1, 46440, 0, NULL, NULL, NULL, NULL, NULL, NULL, NULL, NULL, NULL, NULL, '2020-08-24 13:31:23', '2020-08-24 13:31:30'),
(19, NULL, 1, NULL, 1, NULL, 'GRN-2020|8|24-00019', '2020-08-24', 1, 63940, 0, NULL, NULL, NULL, NULL, NULL, NULL, NULL, NULL, NULL, NULL, '2020-08-24 13:34:09', '2020-08-24 13:34:18'),
(20, NULL, 1, NULL, 1, NULL, 'GRN-2020|8|24-00020', '2020-08-24', 1, 57120, 0, NULL, NULL, NULL, NULL, NULL, NULL, NULL, NULL, NULL, NULL, '2020-08-24 13:38:17', '2020-08-24 13:38:29'),
(21, NULL, 1, NULL, 1, NULL, 'GRN-2020|8|24-00021', '2020-08-24', 1, 73530, 0, NULL, NULL, NULL, NULL, NULL, NULL, NULL, NULL, NULL, NULL, '2020-08-24 13:44:48', '2020-08-24 13:44:55'),
(22, NULL, 1, NULL, 1, NULL, 'GRN-2020|8|24-00022', '2020-08-24', 1, 23220, 0, NULL, NULL, NULL, NULL, NULL, NULL, NULL, NULL, NULL, NULL, '2020-08-24 13:58:21', '2020-08-24 13:58:26'),
(23, NULL, 1, NULL, 1, NULL, 'GRN-2020|8|24-00023', '2020-08-24', 1, 23220, 0, NULL, NULL, NULL, NULL, NULL, NULL, NULL, NULL, NULL, NULL, '2020-08-24 14:00:01', '2020-08-24 14:00:06'),
(24, NULL, 1, NULL, 1, NULL, 'GRN-2020|8|24-00024', '2020-08-24', 1, 23220, 0, NULL, NULL, NULL, NULL, NULL, NULL, NULL, NULL, NULL, NULL, '2020-08-24 14:01:39', '2020-08-24 14:01:49'),
(25, NULL, 1, NULL, 1, NULL, 'GRN-2020|8|24-00025', '2020-08-24', 1, 21420, 0, NULL, NULL, NULL, NULL, NULL, NULL, NULL, NULL, NULL, NULL, '2020-08-24 14:04:19', '2020-08-24 14:05:06'),
(26, NULL, 1, NULL, 2, NULL, 'GRN-2020|8|24-00026', '2020-08-24', 1, 21420, 0, NULL, NULL, NULL, NULL, NULL, NULL, NULL, NULL, NULL, NULL, '2020-08-24 16:20:18', '2020-08-24 16:20:21'),
(27, NULL, 1, NULL, 2, NULL, 'GRN-2020|8|25-00027', '2020-08-24', 1, 75060, 0, NULL, NULL, NULL, NULL, NULL, NULL, NULL, NULL, NULL, NULL, '2020-08-25 09:48:35', '2020-08-25 09:53:40');

--
-- Dumping data for table `grn_items`
--

INSERT INTO `grn_items` (`id`, `grn_id`, `item_code_id`, `company_id`, `company_division_id`, `company_purchase_order_item_id`, `item_code`, `item_unit_cost_from_table`, `unit_price`, `qty`, `remarks`, `created_at`, `updated_at`, `userdef1`, `userdef2`, `userdef3`, `userdef4`, `userdef5`, `userdef6`, `userdef7`, `userdef8`, `userdef9`) VALUES
(1, 1, 1, NULL, 1, NULL, 'Sample-Migrate', 0, 0, 0, NULL, '2020-08-24 11:36:39', '2020-08-24 11:36:39', NULL, NULL, NULL, NULL, NULL, NULL, NULL, NULL, NULL),
(2, 1, 1, NULL, 1, NULL, 'Sample-Migrate', 0, 0, 0, NULL, '2020-08-24 11:36:39', '2020-08-24 11:36:39', NULL, NULL, NULL, NULL, NULL, NULL, NULL, NULL, NULL),
(3, 1, 1, NULL, 1, NULL, 'Sample-Migrate', 0, 0, 0, NULL, '2020-08-24 11:36:39', '2020-08-24 11:36:39', NULL, NULL, NULL, NULL, NULL, NULL, NULL, NULL, NULL),
(4, 1, 1, NULL, 1, NULL, 'Sample-Migrate', 0, 0, 0, NULL, '2020-08-24 11:36:39', '2020-08-24 11:36:39', NULL, NULL, NULL, NULL, NULL, NULL, NULL, NULL, NULL),
(5, 1, 1, NULL, 1, NULL, 'Sample-Migrate', 0, 0, 0, NULL, '2020-08-24 11:36:39', '2020-08-24 11:36:39', NULL, NULL, NULL, NULL, NULL, NULL, NULL, NULL, NULL),
(6, 1, 1, NULL, 1, NULL, 'Sample-Migrate', 0, 0, 0, NULL, '2020-08-24 11:36:39', '2020-08-24 11:36:39', NULL, NULL, NULL, NULL, NULL, NULL, NULL, NULL, NULL),
(7, 1, 1, NULL, 1, NULL, 'Sample-Migrate', 0, 0, 0, NULL, '2020-08-24 11:36:39', '2020-08-24 11:36:39', NULL, NULL, NULL, NULL, NULL, NULL, NULL, NULL, NULL),
(8, 1, 1, NULL, 1, NULL, 'Sample-Migrate', 0, 0, 0, NULL, '2020-08-24 11:36:39', '2020-08-24 11:36:39', NULL, NULL, NULL, NULL, NULL, NULL, NULL, NULL, NULL);

DELETE  FROM `grn_items` WHERE `id` in (1,2,3,4,5,6,7,8);

INSERT INTO `grn_items` (`id`, `grn_id`, `item_code_id`, `company_id`, `company_division_id`, `company_purchase_order_item_id`, `item_code`, `item_unit_cost_from_table`, `unit_price`, `qty`, `remarks`, `created_at`, `updated_at`, `userdef1`, `userdef2`, `userdef3`, `userdef4`, `userdef5`, `userdef6`, `userdef7`, `userdef8`, `userdef9`) VALUES
(9, 1, 1, NULL, 1, NULL, 'DOD01BgR', 500, 1290, 3, NULL, '2020-08-24 11:36:39', '2020-08-24 11:36:39', NULL, NULL, NULL, NULL, NULL, NULL, NULL, NULL, NULL),
(10, 1, 4, NULL, 1, NULL, 'DOD01BgR', 500, 1290, 6, NULL, '2020-08-24 11:36:39', '2020-08-24 11:36:39', NULL, NULL, NULL, NULL, NULL, NULL, NULL, NULL, NULL),
(11, 1, 2, NULL, 1, NULL, 'DOD01BgR', 500, 1290, 6, NULL, '2020-08-24 11:36:39', '2020-08-24 11:36:39', NULL, NULL, NULL, NULL, NULL, NULL, NULL, NULL, NULL),
(12, 1, 3, NULL, 1, NULL, 'DOD01BgR', 500, 1290, 3, NULL, '2020-08-24 11:36:39', '2020-08-24 11:36:39', NULL, NULL, NULL, NULL, NULL, NULL, NULL, NULL, NULL),
(13, 1, 5, NULL, 1, NULL, 'DOD01BR', 500, 1290, 3, NULL, '2020-08-24 11:36:39', '2020-08-24 11:36:39', NULL, NULL, NULL, NULL, NULL, NULL, NULL, NULL, NULL),
(14, 1, 6, NULL, 1, NULL, 'DOD01BR', 500, 1290, 6, NULL, '2020-08-24 11:36:39', '2020-08-24 11:36:39', NULL, NULL, NULL, NULL, NULL, NULL, NULL, NULL, NULL),
(15, 1, 7, NULL, 1, NULL, 'DOD01BR', 500, 1290, 6, NULL, '2020-08-24 11:36:39', '2020-08-24 11:36:39', NULL, NULL, NULL, NULL, NULL, NULL, NULL, NULL, NULL),
(16, 1, 8, NULL, 1, NULL, 'DOD01BR', 500, 1290, 3, NULL, '2020-08-24 11:36:39', '2020-08-24 11:36:39', NULL, NULL, NULL, NULL, NULL, NULL, NULL, NULL, NULL),
(17, 2, 9, NULL, 1, NULL, 'DOD01BgB', 500, 1290, 3, NULL, '2020-08-24 11:40:29', '2020-08-24 11:40:29', NULL, NULL, NULL, NULL, NULL, NULL, NULL, NULL, NULL),
(18, 2, 10, NULL, 1, NULL, 'DOD01BgB', 500, 1290, 6, NULL, '2020-08-24 11:40:29', '2020-08-24 11:40:29', NULL, NULL, NULL, NULL, NULL, NULL, NULL, NULL, NULL),
(19, 2, 11, NULL, 1, NULL, 'DOD01BgB', 500, 1290, 6, NULL, '2020-08-24 11:40:29', '2020-08-24 11:40:29', NULL, NULL, NULL, NULL, NULL, NULL, NULL, NULL, NULL),
(20, 2, 12, NULL, 1, NULL, 'DOD01BgB', 500, 1290, 3, NULL, '2020-08-24 11:40:29', '2020-08-24 11:40:29', NULL, NULL, NULL, NULL, NULL, NULL, NULL, NULL, NULL),
(21, 3, 9, NULL, 1, NULL, 'DOD01BgB', 500, 1290, 3, NULL, '2020-08-24 11:40:31', '2020-08-24 11:40:31', NULL, NULL, NULL, NULL, NULL, NULL, NULL, NULL, NULL),
(22, 3, 10, NULL, 1, NULL, 'DOD01BgB', 500, 1290, 6, NULL, '2020-08-24 11:40:31', '2020-08-24 11:40:31', NULL, NULL, NULL, NULL, NULL, NULL, NULL, NULL, NULL),
(23, 3, 11, NULL, 1, NULL, 'DOD01BgB', 500, 1290, 6, NULL, '2020-08-24 11:40:31', '2020-08-24 11:40:31', NULL, NULL, NULL, NULL, NULL, NULL, NULL, NULL, NULL),
(24, 3, 12, NULL, 1, NULL, 'DOD01BgB', 500, 1290, 3, NULL, '2020-08-24 11:40:31', '2020-08-24 11:40:31', NULL, NULL, NULL, NULL, NULL, NULL, NULL, NULL, NULL),
(25, 4, 9, NULL, 1, NULL, 'DOD01BgB', 500, 1290, 3, NULL, '2020-08-24 11:40:32', '2020-08-24 11:40:32', NULL, NULL, NULL, NULL, NULL, NULL, NULL, NULL, NULL),
(26, 4, 10, NULL, 1, NULL, 'DOD01BgB', 500, 1290, 6, NULL, '2020-08-24 11:40:32', '2020-08-24 11:40:32', NULL, NULL, NULL, NULL, NULL, NULL, NULL, NULL, NULL),
(27, 5, 9, NULL, 1, NULL, 'DOD01BgB', 500, 1290, 3, NULL, '2020-08-24 11:40:32', '2020-08-24 11:40:32', NULL, NULL, NULL, NULL, NULL, NULL, NULL, NULL, NULL),
(28, 4, 11, NULL, 1, NULL, 'DOD01BgB', 500, 1290, 6, NULL, '2020-08-24 11:40:32', '2020-08-24 11:40:32', NULL, NULL, NULL, NULL, NULL, NULL, NULL, NULL, NULL),
(29, 5, 10, NULL, 1, NULL, 'DOD01BgB', 500, 1290, 6, NULL, '2020-08-24 11:40:32', '2020-08-24 11:40:32', NULL, NULL, NULL, NULL, NULL, NULL, NULL, NULL, NULL),
(30, 4, 12, NULL, 1, NULL, 'DOD01BgB', 500, 1290, 3, NULL, '2020-08-24 11:40:32', '2020-08-24 11:40:32', NULL, NULL, NULL, NULL, NULL, NULL, NULL, NULL, NULL),
(31, 5, 11, NULL, 1, NULL, 'DOD01BgB', 500, 1290, 6, NULL, '2020-08-24 11:40:32', '2020-08-24 11:40:32', NULL, NULL, NULL, NULL, NULL, NULL, NULL, NULL, NULL),
(32, 5, 12, NULL, 1, NULL, 'DOD01BgB', 500, 1290, 3, NULL, '2020-08-24 11:40:32', '2020-08-24 11:40:32', NULL, NULL, NULL, NULL, NULL, NULL, NULL, NULL, NULL),
(33, 6, 9, NULL, 1, NULL, 'DOD01BgB', 500, 1290, 3, NULL, '2020-08-24 11:40:32', '2020-08-24 11:40:32', NULL, NULL, NULL, NULL, NULL, NULL, NULL, NULL, NULL),
(34, 6, 10, NULL, 1, NULL, 'DOD01BgB', 500, 1290, 6, NULL, '2020-08-24 11:40:32', '2020-08-24 11:40:32', NULL, NULL, NULL, NULL, NULL, NULL, NULL, NULL, NULL),
(35, 6, 11, NULL, 1, NULL, 'DOD01BgB', 500, 1290, 6, NULL, '2020-08-24 11:40:32', '2020-08-24 11:40:32', NULL, NULL, NULL, NULL, NULL, NULL, NULL, NULL, NULL),
(36, 6, 12, NULL, 1, NULL, 'DOD01BgB', 500, 1290, 3, NULL, '2020-08-24 11:40:32', '2020-08-24 11:40:32', NULL, NULL, NULL, NULL, NULL, NULL, NULL, NULL, NULL),
(37, 7, 9, NULL, 1, NULL, 'DOD01BgB', 500, 1290, 3, NULL, '2020-08-24 11:40:32', '2020-08-24 11:40:32', NULL, NULL, NULL, NULL, NULL, NULL, NULL, NULL, NULL),
(38, 7, 10, NULL, 1, NULL, 'DOD01BgB', 500, 1290, 6, NULL, '2020-08-24 11:40:32', '2020-08-24 11:40:32', NULL, NULL, NULL, NULL, NULL, NULL, NULL, NULL, NULL),
(39, 7, 11, NULL, 1, NULL, 'DOD01BgB', 500, 1290, 6, NULL, '2020-08-24 11:40:32', '2020-08-24 11:40:32', NULL, NULL, NULL, NULL, NULL, NULL, NULL, NULL, NULL),
(40, 7, 12, NULL, 1, NULL, 'DOD01BgB', 500, 1290, 3, NULL, '2020-08-24 11:40:32', '2020-08-24 11:40:32', NULL, NULL, NULL, NULL, NULL, NULL, NULL, NULL, NULL),
(41, 8, 9, NULL, 1, NULL, 'DOD01BgB', 500, 1290, 3, NULL, '2020-08-24 11:40:32', '2020-08-24 11:40:32', NULL, NULL, NULL, NULL, NULL, NULL, NULL, NULL, NULL),
(42, 8, 10, NULL, 1, NULL, 'DOD01BgB', 500, 1290, 6, NULL, '2020-08-24 11:40:32', '2020-08-24 11:40:32', NULL, NULL, NULL, NULL, NULL, NULL, NULL, NULL, NULL),
(43, 8, 11, NULL, 1, NULL, 'DOD01BgB', 500, 1290, 6, NULL, '2020-08-24 11:40:32', '2020-08-24 11:40:32', NULL, NULL, NULL, NULL, NULL, NULL, NULL, NULL, NULL),
(44, 8, 12, NULL, 1, NULL, 'DOD01BgB', 500, 1290, 3, NULL, '2020-08-24 11:40:32', '2020-08-24 11:40:32', NULL, NULL, NULL, NULL, NULL, NULL, NULL, NULL, NULL),
(49, 9, 9, NULL, 1, NULL, 'DOD01BgB', 500, 1290, 3, NULL, '2020-08-24 11:40:40', '2020-08-24 11:40:40', NULL, NULL, NULL, NULL, NULL, NULL, NULL, NULL, NULL),
(50, 9, 10, NULL, 1, NULL, 'DOD01BgB', 500, 1290, 6, NULL, '2020-08-24 11:40:40', '2020-08-24 11:40:40', NULL, NULL, NULL, NULL, NULL, NULL, NULL, NULL, NULL),
(51, 9, 11, NULL, 1, NULL, 'DOD01BgB', 500, 1290, 6, NULL, '2020-08-24 11:40:40', '2020-08-24 11:40:40', NULL, NULL, NULL, NULL, NULL, NULL, NULL, NULL, NULL),
(52, 9, 12, NULL, 1, NULL, 'DOD01BgB', 500, 1290, 3, NULL, '2020-08-24 11:40:40', '2020-08-24 11:40:40', NULL, NULL, NULL, NULL, NULL, NULL, NULL, NULL, NULL),
(61, 10, 13, NULL, 1, NULL, 'DOD02Bg', 500, 1290, 7, NULL, '2020-08-24 11:43:37', '2020-08-24 11:43:37', NULL, NULL, NULL, NULL, NULL, NULL, NULL, NULL, NULL),
(62, 10, 14, NULL, 1, NULL, 'DOD02Bg', 500, 1290, 6, NULL, '2020-08-24 11:43:37', '2020-08-24 11:43:37', NULL, NULL, NULL, NULL, NULL, NULL, NULL, NULL, NULL),
(63, 10, 15, NULL, 1, NULL, 'DOD02Bg', 500, 1290, 6, NULL, '2020-08-24 11:43:37', '2020-08-24 11:43:37', NULL, NULL, NULL, NULL, NULL, NULL, NULL, NULL, NULL),
(64, 10, 16, NULL, 1, NULL, 'DOD02Bg', 500, 1290, 5, NULL, '2020-08-24 11:43:37', '2020-08-24 11:43:37', NULL, NULL, NULL, NULL, NULL, NULL, NULL, NULL, NULL),
(65, 10, 17, NULL, 1, NULL, 'DOD02A', 500, 1290, 7, NULL, '2020-08-24 11:43:37', '2020-08-24 11:43:37', NULL, NULL, NULL, NULL, NULL, NULL, NULL, NULL, NULL),
(66, 10, 18, NULL, 1, NULL, 'DOD02A', 500, 1290, 6, NULL, '2020-08-24 11:43:37', '2020-08-24 11:43:37', NULL, NULL, NULL, NULL, NULL, NULL, NULL, NULL, NULL),
(67, 10, 19, NULL, 1, NULL, 'DOD02A', 500, 1290, 5, NULL, '2020-08-24 11:43:37', '2020-08-24 11:43:37', NULL, NULL, NULL, NULL, NULL, NULL, NULL, NULL, NULL),
(68, 10, 20, NULL, 1, NULL, 'DOD02A', 500, 1290, 6, NULL, '2020-08-24 11:43:37', '2020-08-24 11:43:37', NULL, NULL, NULL, NULL, NULL, NULL, NULL, NULL, NULL),
(73, 11, 21, NULL, 1, NULL, 'DOD02R', 500, 1290, 6, NULL, '2020-08-24 11:44:33', '2020-08-24 11:44:33', NULL, NULL, NULL, NULL, NULL, NULL, NULL, NULL, NULL),
(74, 11, 22, NULL, 1, NULL, 'DOD02R', 500, 1290, 6, NULL, '2020-08-24 11:44:33', '2020-08-24 11:44:33', NULL, NULL, NULL, NULL, NULL, NULL, NULL, NULL, NULL),
(75, 11, 23, NULL, 1, NULL, 'DOD02R', 500, 1290, 6, NULL, '2020-08-24 11:44:33', '2020-08-24 11:44:33', NULL, NULL, NULL, NULL, NULL, NULL, NULL, NULL, NULL),
(76, 11, 24, NULL, 1, NULL, 'DOD02R', 500, 1290, 6, NULL, '2020-08-24 11:44:33', '2020-08-24 11:44:33', NULL, NULL, NULL, NULL, NULL, NULL, NULL, NULL, NULL),
(82, 12, 25, NULL, 1, NULL, 'DOD03B', 500, 1290, 6, NULL, '2020-08-24 11:47:15', '2020-08-24 11:47:15', NULL, NULL, NULL, NULL, NULL, NULL, NULL, NULL, NULL),
(83, 12, 26, NULL, 1, NULL, 'DOD03B', 500, 1290, 6, NULL, '2020-08-24 11:47:15', '2020-08-24 11:47:15', NULL, NULL, NULL, NULL, NULL, NULL, NULL, NULL, NULL),
(84, 12, 27, NULL, 1, NULL, 'DOD03B', 500, 1290, 6, NULL, '2020-08-24 11:47:15', '2020-08-24 11:47:15', NULL, NULL, NULL, NULL, NULL, NULL, NULL, NULL, NULL),
(85, 12, 28, NULL, 1, NULL, 'DOD03B', 500, 1290, 3, NULL, '2020-08-24 11:47:15', '2020-08-24 11:47:15', NULL, NULL, NULL, NULL, NULL, NULL, NULL, NULL, NULL),
(86, 12, 126, NULL, 1, NULL, 'DOD03B', 500, 1290, 3, NULL, '2020-08-24 11:47:15', '2020-08-24 11:47:15', NULL, NULL, NULL, NULL, NULL, NULL, NULL, NULL, NULL),
(91, 13, 38, NULL, 1, NULL, 'DOP04B', 500, 1290, 3, NULL, '2020-08-24 12:09:52', '2020-08-24 12:09:52', NULL, NULL, NULL, NULL, NULL, NULL, NULL, NULL, NULL),
(92, 13, 39, NULL, 1, NULL, 'DOP04B', 500, 1290, 6, NULL, '2020-08-24 12:09:52', '2020-08-24 12:09:52', NULL, NULL, NULL, NULL, NULL, NULL, NULL, NULL, NULL),
(93, 13, 40, NULL, 1, NULL, 'DOP04B', 500, 1290, 6, NULL, '2020-08-24 12:09:52', '2020-08-24 12:09:52', NULL, NULL, NULL, NULL, NULL, NULL, NULL, NULL, NULL),
(94, 13, 41, NULL, 1, NULL, 'DOP04B', 500, 1290, 3, NULL, '2020-08-24 12:09:52', '2020-08-24 12:09:52', NULL, NULL, NULL, NULL, NULL, NULL, NULL, NULL, NULL),
(99, 14, 50, NULL, 1, NULL, 'DOJ05Y', 500, 1390, 6, NULL, '2020-08-24 12:11:34', '2020-08-24 12:11:34', NULL, NULL, NULL, NULL, NULL, NULL, NULL, NULL, NULL),
(100, 14, 51, NULL, 1, NULL, 'DOJ05Y', 500, 1390, 6, NULL, '2020-08-24 12:11:34', '2020-08-24 12:11:34', NULL, NULL, NULL, NULL, NULL, NULL, NULL, NULL, NULL),
(101, 14, 52, NULL, 1, NULL, 'DOJ05Y', 500, 1390, 6, NULL, '2020-08-24 12:11:34', '2020-08-24 12:11:34', NULL, NULL, NULL, NULL, NULL, NULL, NULL, NULL, NULL),
(102, 14, 53, NULL, 1, NULL, 'DOJ05Y', 500, 1390, 6, NULL, '2020-08-24 12:11:34', '2020-08-24 12:11:34', NULL, NULL, NULL, NULL, NULL, NULL, NULL, NULL, NULL),
(108, 15, 74, NULL, 1, NULL, 'DOD07B', 500, 1190, 3, NULL, '2020-08-24 12:13:14', '2020-08-24 12:13:14', NULL, NULL, NULL, NULL, NULL, NULL, NULL, NULL, NULL),
(109, 15, 75, NULL, 1, NULL, 'DOD07B', 500, 1190, 6, NULL, '2020-08-24 12:13:14', '2020-08-24 12:13:14', NULL, NULL, NULL, NULL, NULL, NULL, NULL, NULL, NULL),
(110, 15, 76, NULL, 1, NULL, 'DOD07B', 500, 1190, 6, NULL, '2020-08-24 12:13:14', '2020-08-24 12:13:14', NULL, NULL, NULL, NULL, NULL, NULL, NULL, NULL, NULL),
(111, 15, 77, NULL, 1, NULL, 'DOD07B', 500, 1190, 6, NULL, '2020-08-24 12:13:14', '2020-08-24 12:13:14', NULL, NULL, NULL, NULL, NULL, NULL, NULL, NULL, NULL),
(112, 15, 78, NULL, 1, NULL, 'DOD07B', 500, 1190, 3, NULL, '2020-08-24 12:13:14', '2020-08-24 12:13:14', NULL, NULL, NULL, NULL, NULL, NULL, NULL, NULL, NULL),
(118, 16, 29, NULL, 1, NULL, 'DOD03W', 500, 1290, 2, NULL, '2020-08-24 13:23:25', '2020-08-24 13:23:25', NULL, NULL, NULL, NULL, NULL, NULL, NULL, NULL, NULL),
(119, 16, 128, NULL, 1, NULL, 'DOD03W', 500, 1290, 6, NULL, '2020-08-24 13:23:26', '2020-08-24 13:23:26', NULL, NULL, NULL, NULL, NULL, NULL, NULL, NULL, NULL),
(120, 16, 30, NULL, 1, NULL, 'DOD03W', 500, 1290, 5, NULL, '2020-08-24 13:23:26', '2020-08-24 13:23:26', NULL, NULL, NULL, NULL, NULL, NULL, NULL, NULL, NULL),
(121, 16, 31, NULL, 1, NULL, 'DOD03W', 500, 1290, 6, NULL, '2020-08-24 13:23:26', '2020-08-24 13:23:26', NULL, NULL, NULL, NULL, NULL, NULL, NULL, NULL, NULL),
(122, 16, 32, NULL, 1, NULL, 'DOD03W', 500, 1290, 3, NULL, '2020-08-24 13:23:26', '2020-08-24 13:23:26', NULL, NULL, NULL, NULL, NULL, NULL, NULL, NULL, NULL),
(128, 17, 33, NULL, 1, NULL, 'DOD03Y', 500, 1290, 4, NULL, '2020-08-24 13:27:51', '2020-08-24 13:27:51', NULL, NULL, NULL, NULL, NULL, NULL, NULL, NULL, NULL),
(129, 17, 34, NULL, 1, NULL, 'DOD03Y', 500, 1290, 4, NULL, '2020-08-24 13:27:51', '2020-08-24 13:27:51', NULL, NULL, NULL, NULL, NULL, NULL, NULL, NULL, NULL),
(130, 17, 35, NULL, 1, NULL, 'DOD03Y', 500, 1290, 5, NULL, '2020-08-24 13:27:51', '2020-08-24 13:27:51', NULL, NULL, NULL, NULL, NULL, NULL, NULL, NULL, NULL),
(131, 17, 36, NULL, 1, NULL, 'DOD03Y', 500, 1290, 6, NULL, '2020-08-24 13:27:51', '2020-08-24 13:27:51', NULL, NULL, NULL, NULL, NULL, NULL, NULL, NULL, NULL),
(132, 17, 37, NULL, 1, NULL, 'DOD03Y', 500, 1290, 3, NULL, '2020-08-24 13:27:51', '2020-08-24 13:27:51', NULL, NULL, NULL, NULL, NULL, NULL, NULL, NULL, NULL),
(141, 18, 42, NULL, 1, NULL, 'DOP04G', 500, 1290, 3, NULL, '2020-08-24 13:31:27', '2020-08-24 13:31:27', NULL, NULL, NULL, NULL, NULL, NULL, NULL, NULL, NULL),
(142, 18, 43, NULL, 1, NULL, 'DOP04G', 500, 1290, 6, NULL, '2020-08-24 13:31:27', '2020-08-24 13:31:27', NULL, NULL, NULL, NULL, NULL, NULL, NULL, NULL, NULL),
(143, 18, 44, NULL, 1, NULL, 'DOP04G', 500, 1290, 6, NULL, '2020-08-24 13:31:27', '2020-08-24 13:31:27', NULL, NULL, NULL, NULL, NULL, NULL, NULL, NULL, NULL),
(144, 18, 45, NULL, 1, NULL, 'DOP04G', 500, 1290, 3, NULL, '2020-08-24 13:31:27', '2020-08-24 13:31:27', NULL, NULL, NULL, NULL, NULL, NULL, NULL, NULL, NULL),
(145, 18, 46, NULL, 1, NULL, 'DOP04Bg', 500, 1290, 3, NULL, '2020-08-24 13:31:27', '2020-08-24 13:31:27', NULL, NULL, NULL, NULL, NULL, NULL, NULL, NULL, NULL),
(146, 18, 47, NULL, 1, NULL, 'DOP04Bg', 500, 1290, 6, NULL, '2020-08-24 13:31:27', '2020-08-24 13:31:27', NULL, NULL, NULL, NULL, NULL, NULL, NULL, NULL, NULL),
(147, 18, 48, NULL, 1, NULL, 'DOP04Bg', 500, 1290, 6, NULL, '2020-08-24 13:31:27', '2020-08-24 13:31:27', NULL, NULL, NULL, NULL, NULL, NULL, NULL, NULL, NULL),
(148, 18, 49, NULL, 1, NULL, 'DOP04Bg', 500, 1290, 3, NULL, '2020-08-24 13:31:27', '2020-08-24 13:31:27', NULL, NULL, NULL, NULL, NULL, NULL, NULL, NULL, NULL),
(157, 19, 54, NULL, 1, NULL, 'DOJ05P', 500, 1390, 4, NULL, '2020-08-24 13:34:15', '2020-08-24 13:34:15', NULL, NULL, NULL, NULL, NULL, NULL, NULL, NULL, NULL),
(158, 19, 55, NULL, 1, NULL, 'DOJ05P', 500, 1390, 7, NULL, '2020-08-24 13:34:15', '2020-08-24 13:34:15', NULL, NULL, NULL, NULL, NULL, NULL, NULL, NULL, NULL),
(159, 19, 56, NULL, 1, NULL, 'DOJ05P', 500, 1390, 7, NULL, '2020-08-24 13:34:15', '2020-08-24 13:34:15', NULL, NULL, NULL, NULL, NULL, NULL, NULL, NULL, NULL),
(160, 19, 57, NULL, 1, NULL, 'DOJ05P', 500, 1390, 4, NULL, '2020-08-24 13:34:15', '2020-08-24 13:34:15', NULL, NULL, NULL, NULL, NULL, NULL, NULL, NULL, NULL),
(161, 19, 58, NULL, 1, NULL, 'DOJ05G', 500, 1390, 5, NULL, '2020-08-24 13:34:15', '2020-08-24 13:34:15', NULL, NULL, NULL, NULL, NULL, NULL, NULL, NULL, NULL),
(162, 19, 59, NULL, 1, NULL, 'DOJ05G', 500, 1390, 7, NULL, '2020-08-24 13:34:15', '2020-08-24 13:34:15', NULL, NULL, NULL, NULL, NULL, NULL, NULL, NULL, NULL),
(163, 19, 60, NULL, 1, NULL, 'DOJ05G', 500, 1390, 7, NULL, '2020-08-24 13:34:15', '2020-08-24 13:34:15', NULL, NULL, NULL, NULL, NULL, NULL, NULL, NULL, NULL),
(164, 19, 61, NULL, 1, NULL, 'DOJ05G', 500, 1390, 5, NULL, '2020-08-24 13:34:15', '2020-08-24 13:34:15', NULL, NULL, NULL, NULL, NULL, NULL, NULL, NULL, NULL),
(175, 20, 79, NULL, 1, NULL, 'DOD07G', 500, 1190, 3, NULL, '2020-08-24 13:38:24', '2020-08-24 13:38:24', NULL, NULL, NULL, NULL, NULL, NULL, NULL, NULL, NULL),
(176, 20, 80, NULL, 1, NULL, 'DOD07G', 500, 1190, 6, NULL, '2020-08-24 13:38:24', '2020-08-24 13:38:24', NULL, NULL, NULL, NULL, NULL, NULL, NULL, NULL, NULL),
(177, 20, 81, NULL, 1, NULL, 'DOD07G', 500, 1190, 6, NULL, '2020-08-24 13:38:24', '2020-08-24 13:38:24', NULL, NULL, NULL, NULL, NULL, NULL, NULL, NULL, NULL),
(178, 20, 82, NULL, 1, NULL, 'DOD07G', 500, 1190, 6, NULL, '2020-08-24 13:38:24', '2020-08-24 13:38:24', NULL, NULL, NULL, NULL, NULL, NULL, NULL, NULL, NULL),
(179, 20, 83, NULL, 1, NULL, 'DOD07G', 500, 1190, 3, NULL, '2020-08-24 13:38:24', '2020-08-24 13:38:24', NULL, NULL, NULL, NULL, NULL, NULL, NULL, NULL, NULL),
(180, 20, 84, NULL, 1, NULL, 'DOD07Bg', 500, 1190, 3, NULL, '2020-08-24 13:38:24', '2020-08-24 13:38:24', NULL, NULL, NULL, NULL, NULL, NULL, NULL, NULL, NULL),
(181, 20, 85, NULL, 1, NULL, 'DOD07Bg', 500, 1190, 6, NULL, '2020-08-24 13:38:24', '2020-08-24 13:38:24', NULL, NULL, NULL, NULL, NULL, NULL, NULL, NULL, NULL),
(182, 20, 86, NULL, 1, NULL, 'DOD07Bg', 500, 1190, 6, NULL, '2020-08-24 13:38:24', '2020-08-24 13:38:24', NULL, NULL, NULL, NULL, NULL, NULL, NULL, NULL, NULL),
(183, 20, 87, NULL, 1, NULL, 'DOD07Bg', 500, 1190, 6, NULL, '2020-08-24 13:38:24', '2020-08-24 13:38:24', NULL, NULL, NULL, NULL, NULL, NULL, NULL, NULL, NULL),
(184, 20, 88, NULL, 1, NULL, 'DOD07Bg', 500, 1190, 3, NULL, '2020-08-24 13:38:24', '2020-08-24 13:38:24', NULL, NULL, NULL, NULL, NULL, NULL, NULL, NULL, NULL),
(197, 21, 102, NULL, 1, NULL, 'DOD09R', 500, 1290, 3, NULL, '2020-08-24 13:44:52', '2020-08-24 13:44:52', NULL, NULL, NULL, NULL, NULL, NULL, NULL, NULL, NULL),
(198, 21, 103, NULL, 1, NULL, 'DOD09R', 500, 1290, 6, NULL, '2020-08-24 13:44:52', '2020-08-24 13:44:52', NULL, NULL, NULL, NULL, NULL, NULL, NULL, NULL, NULL),
(199, 21, 104, NULL, 1, NULL, 'DOD09R', 500, 1290, 6, NULL, '2020-08-24 13:44:52', '2020-08-24 13:44:52', NULL, NULL, NULL, NULL, NULL, NULL, NULL, NULL, NULL),
(200, 21, 105, NULL, 1, NULL, 'DOD09R', 500, 1290, 3, NULL, '2020-08-24 13:44:52', '2020-08-24 13:44:52', NULL, NULL, NULL, NULL, NULL, NULL, NULL, NULL, NULL),
(201, 21, 106, NULL, 1, NULL, 'DOD09Br', 500, 1290, 3, NULL, '2020-08-24 13:44:52', '2020-08-24 13:44:52', NULL, NULL, NULL, NULL, NULL, NULL, NULL, NULL, NULL),
(202, 21, 107, NULL, 1, NULL, 'DOD09Br', 500, 1290, 9, NULL, '2020-08-24 13:44:52', '2020-08-24 13:44:52', NULL, NULL, NULL, NULL, NULL, NULL, NULL, NULL, NULL),
(203, 21, 108, NULL, 1, NULL, 'DOD09Br', 500, 1290, 6, NULL, '2020-08-24 13:44:52', '2020-08-24 13:44:52', NULL, NULL, NULL, NULL, NULL, NULL, NULL, NULL, NULL),
(204, 21, 109, NULL, 1, NULL, 'DOD09Br', 500, 1290, 3, NULL, '2020-08-24 13:44:52', '2020-08-24 13:44:52', NULL, NULL, NULL, NULL, NULL, NULL, NULL, NULL, NULL),
(205, 21, 110, NULL, 1, NULL, 'DOD09Bg', 500, 1290, 3, NULL, '2020-08-24 13:44:52', '2020-08-24 13:44:52', NULL, NULL, NULL, NULL, NULL, NULL, NULL, NULL, NULL),
(206, 21, 111, NULL, 1, NULL, 'DOD09Bg', 500, 1290, 6, NULL, '2020-08-24 13:44:52', '2020-08-24 13:44:52', NULL, NULL, NULL, NULL, NULL, NULL, NULL, NULL, NULL),
(207, 21, 112, NULL, 1, NULL, 'DOD09Bg', 500, 1290, 6, NULL, '2020-08-24 13:44:52', '2020-08-24 13:44:52', NULL, NULL, NULL, NULL, NULL, NULL, NULL, NULL, NULL),
(208, 21, 113, NULL, 1, NULL, 'DOD09Bg', 500, 1290, 3, NULL, '2020-08-24 13:44:52', '2020-08-24 13:44:52', NULL, NULL, NULL, NULL, NULL, NULL, NULL, NULL, NULL),
(213, 22, 122, NULL, 1, NULL, 'DOD10Y', 500, 1290, 3, NULL, '2020-08-24 13:58:24', '2020-08-24 13:58:24', NULL, NULL, NULL, NULL, NULL, NULL, NULL, NULL, NULL),
(214, 22, 123, NULL, 1, NULL, 'DOD10Y', 500, 1290, 6, NULL, '2020-08-24 13:58:24', '2020-08-24 13:58:24', NULL, NULL, NULL, NULL, NULL, NULL, NULL, NULL, NULL),
(215, 22, 124, NULL, 1, NULL, 'DOD10Y', 500, 1290, 6, NULL, '2020-08-24 13:58:24', '2020-08-24 13:58:24', NULL, NULL, NULL, NULL, NULL, NULL, NULL, NULL, NULL),
(216, 22, 125, NULL, 1, NULL, 'DOD10Y', 500, 1290, 3, NULL, '2020-08-24 13:58:24', '2020-08-24 13:58:24', NULL, NULL, NULL, NULL, NULL, NULL, NULL, NULL, NULL),
(221, 23, 118, NULL, 1, NULL, 'DOD10Bg', 500, 1290, 3, NULL, '2020-08-24 14:00:04', '2020-08-24 14:00:04', NULL, NULL, NULL, NULL, NULL, NULL, NULL, NULL, NULL),
(222, 23, 119, NULL, 1, NULL, 'DOD10Bg', 500, 1290, 6, NULL, '2020-08-24 14:00:04', '2020-08-24 14:00:04', NULL, NULL, NULL, NULL, NULL, NULL, NULL, NULL, NULL),
(223, 23, 120, NULL, 1, NULL, 'DOD10Bg', 500, 1290, 6, NULL, '2020-08-24 14:00:04', '2020-08-24 14:00:04', NULL, NULL, NULL, NULL, NULL, NULL, NULL, NULL, NULL),
(224, 23, 121, NULL, 1, NULL, 'DOD10Bg', 500, 1290, 3, NULL, '2020-08-24 14:00:04', '2020-08-24 14:00:04', NULL, NULL, NULL, NULL, NULL, NULL, NULL, NULL, NULL),
(233, 24, 114, NULL, 1, NULL, 'DOD10Br', 500, 1290, 3, NULL, '2020-08-24 14:01:47', '2020-08-24 14:01:47', NULL, NULL, NULL, NULL, NULL, NULL, NULL, NULL, NULL),
(234, 24, 115, NULL, 1, NULL, 'DOD10Br', 500, 1290, 6, NULL, '2020-08-24 14:01:47', '2020-08-24 14:01:47', NULL, NULL, NULL, NULL, NULL, NULL, NULL, NULL, NULL),
(235, 24, 116, NULL, 1, NULL, 'DOD10Br', 500, 1290, 6, NULL, '2020-08-24 14:01:47', '2020-08-24 14:01:47', NULL, NULL, NULL, NULL, NULL, NULL, NULL, NULL, NULL),
(236, 24, 117, NULL, 1, NULL, 'DOD10Br', 500, 1290, 3, NULL, '2020-08-24 14:01:47', '2020-08-24 14:01:47', NULL, NULL, NULL, NULL, NULL, NULL, NULL, NULL, NULL),
(241, 25, 70, NULL, 1, NULL, 'DOD06B', 500, 1190, 3, NULL, '2020-08-24 14:04:24', '2020-08-24 14:04:24', NULL, NULL, NULL, NULL, NULL, NULL, NULL, NULL, NULL),
(242, 25, 71, NULL, 1, NULL, 'DOD06B', 500, 1190, 6, NULL, '2020-08-24 14:04:24', '2020-08-24 14:04:24', NULL, NULL, NULL, NULL, NULL, NULL, NULL, NULL, NULL),
(243, 25, 72, NULL, 1, NULL, 'DOD06B', 500, 1190, 6, NULL, '2020-08-24 14:04:24', '2020-08-24 14:04:24', NULL, NULL, NULL, NULL, NULL, NULL, NULL, NULL, NULL),
(244, 25, 73, NULL, 1, NULL, 'DOD06B', 500, 1190, 3, NULL, '2020-08-24 14:04:24', '2020-08-24 14:04:24', NULL, NULL, NULL, NULL, NULL, NULL, NULL, NULL, NULL),
(245, 26, 66, NULL, 1, NULL, 'DOD06P', 500, 1190, 3, NULL, '2020-08-24 16:20:18', '2020-08-24 16:20:18', NULL, NULL, NULL, NULL, NULL, NULL, NULL, NULL, NULL),
(246, 26, 67, NULL, 1, NULL, 'DOD06P', 500, 1190, 6, NULL, '2020-08-24 16:20:18', '2020-08-24 16:20:18', NULL, NULL, NULL, NULL, NULL, NULL, NULL, NULL, NULL),
(247, 26, 68, NULL, 1, NULL, 'DOD06P', 500, 1190, 6, NULL, '2020-08-24 16:20:18', '2020-08-24 16:20:18', NULL, NULL, NULL, NULL, NULL, NULL, NULL, NULL, NULL),
(248, 26, 69, NULL, 1, NULL, 'DOD06P', 500, 1190, 3, NULL, '2020-08-24 16:20:18', '2020-08-24 16:20:18', NULL, NULL, NULL, NULL, NULL, NULL, NULL, NULL, NULL),
(261, 27, 89, NULL, 1, NULL, 'DOD08Bg', 500, 1390, 2, NULL, '2020-08-25 09:53:37', '2020-08-25 09:53:37', NULL, NULL, NULL, NULL, NULL, NULL, NULL, NULL, NULL),
(262, 27, 90, NULL, 1, NULL, 'DOD08Bg', 500, 1390, 7, NULL, '2020-08-25 09:53:37', '2020-08-25 09:53:37', NULL, NULL, NULL, NULL, NULL, NULL, NULL, NULL, NULL),
(263, 27, 91, NULL, 1, NULL, 'DOD08Bg', 500, 1390, 6, NULL, '2020-08-25 09:53:37', '2020-08-25 09:53:37', NULL, NULL, NULL, NULL, NULL, NULL, NULL, NULL, NULL),
(264, 27, 92, NULL, 1, NULL, 'DOD08Bg', 500, 1390, 3, NULL, '2020-08-25 09:53:37', '2020-08-25 09:53:37', NULL, NULL, NULL, NULL, NULL, NULL, NULL, NULL, NULL),
(265, 27, 93, NULL, 1, NULL, 'DOD08BL', 500, 1390, 3, NULL, '2020-08-25 09:53:37', '2020-08-25 09:53:37', NULL, NULL, NULL, NULL, NULL, NULL, NULL, NULL, NULL),
(266, 27, 94, NULL, 1, NULL, 'DOD08BL', 500, 1390, 6, NULL, '2020-08-25 09:53:37', '2020-08-25 09:53:37', NULL, NULL, NULL, NULL, NULL, NULL, NULL, NULL, NULL),
(267, 27, 95, NULL, 1, NULL, 'DOD08BL', 500, 1390, 6, NULL, '2020-08-25 09:53:38', '2020-08-25 09:53:38', NULL, NULL, NULL, NULL, NULL, NULL, NULL, NULL, NULL),
(268, 27, 97, NULL, 1, NULL, 'DOD08BL', 500, 1390, 3, NULL, '2020-08-25 09:53:38', '2020-08-25 09:53:38', NULL, NULL, NULL, NULL, NULL, NULL, NULL, NULL, NULL),
(269, 27, 98, NULL, 1, NULL, 'DOD08B', 500, 1390, 3, NULL, '2020-08-25 09:53:38', '2020-08-25 09:53:38', NULL, NULL, NULL, NULL, NULL, NULL, NULL, NULL, NULL),
(270, 27, 99, NULL, 1, NULL, 'DOD08B', 500, 1390, 7, NULL, '2020-08-25 09:53:38', '2020-08-25 09:53:38', NULL, NULL, NULL, NULL, NULL, NULL, NULL, NULL, NULL),
(271, 27, 100, NULL, 1, NULL, 'DOD08B', 500, 1390, 5, NULL, '2020-08-25 09:53:38', '2020-08-25 09:53:38', NULL, NULL, NULL, NULL, NULL, NULL, NULL, NULL, NULL),
(272, 27, 101, NULL, 1, NULL, 'DOD08B', 500, 1390, 3, NULL, '2020-08-25 09:53:38', '2020-08-25 09:53:38', NULL, NULL, NULL, NULL, NULL, NULL, NULL, NULL, NULL);


--
-- Dumping data for table `stocks`
--

INSERT INTO `stocks` (`id`, `grn_id`, `invoice_id`, `stock_location_id`, `company_id`, `company_division_id`, `code`, `is_open_stock`, `created_date`, `total`, `commit`, `created_at`, `updated_at`, `userdef1`, `userdef2`, `userdef3`, `userdef4`, `userdef5`, `userdef6`, `userdef7`, `userdef8`, `userdef9`) VALUES
(1, 1, NULL, NULL, 1, 1, 'Stock :2020|8|24-0001', 0, '2020-08-24', 46440, 0, '2020-08-24 11:36:47', '2020-08-24 11:36:47', NULL, NULL, NULL, NULL, NULL, NULL, NULL, NULL, NULL),
(2, 9, NULL, NULL, 1, 1, 'Stock :2020|8|24-0002', 0, '2020-08-24', 23220, 0, '2020-08-24 11:40:43', '2020-08-24 11:40:43', NULL, NULL, NULL, NULL, NULL, NULL, NULL, NULL, NULL),
(3, 10, NULL, NULL, 1, 1, 'Stock :2020|8|24-0003', 0, '2020-08-24', 61920, 0, '2020-08-24 11:43:40', '2020-08-24 11:43:40', NULL, NULL, NULL, NULL, NULL, NULL, NULL, NULL, NULL),
(4, 11, NULL, NULL, 1, 1, 'Stock :2020|8|24-0004', 0, '2020-08-24', 30960, 0, '2020-08-24 11:44:35', '2020-08-24 11:44:35', NULL, NULL, NULL, NULL, NULL, NULL, NULL, NULL, NULL),
(5, 12, NULL, NULL, 1, 1, 'Stock :2020|8|24-0005', 0, '2020-08-24', 30960, 0, '2020-08-24 11:47:19', '2020-08-24 11:47:19', NULL, NULL, NULL, NULL, NULL, NULL, NULL, NULL, NULL),
(6, 13, NULL, NULL, 1, 1, 'Stock :2020|8|24-0006', 0, '2020-08-24', 23220, 0, '2020-08-24 12:09:54', '2020-08-24 12:09:54', NULL, NULL, NULL, NULL, NULL, NULL, NULL, NULL, NULL),
(7, 14, NULL, NULL, 1, 1, 'Stock :2020|8|24-0007', 0, '2020-08-24', 33360, 0, '2020-08-24 12:11:37', '2020-08-24 12:11:38', NULL, NULL, NULL, NULL, NULL, NULL, NULL, NULL, NULL),
(8, 15, NULL, NULL, 1, 1, 'Stock :2020|8|24-0008', 0, '2020-08-24', 28560, 0, '2020-08-24 12:13:16', '2020-08-24 12:13:16', NULL, NULL, NULL, NULL, NULL, NULL, NULL, NULL, NULL),
(9, 16, NULL, NULL, 1, 1, 'Stock :2020|8|24-0009', 0, '2020-08-24', 28380, 0, '2020-08-24 13:23:30', '2020-08-24 13:23:30', NULL, NULL, NULL, NULL, NULL, NULL, NULL, NULL, NULL),
(10, 17, NULL, NULL, 1, 1, 'Stock :2020|8|24-00010', 0, '2020-08-24', 28380, 0, '2020-08-24 13:27:53', '2020-08-24 13:27:53', NULL, NULL, NULL, NULL, NULL, NULL, NULL, NULL, NULL),
(11, 18, NULL, NULL, 1, 1, 'Stock :2020|8|24-00011', 0, '2020-08-24', 46440, 0, '2020-08-24 13:31:30', '2020-08-24 13:31:30', NULL, NULL, NULL, NULL, NULL, NULL, NULL, NULL, NULL),
(12, 19, NULL, NULL, 1, 1, 'Stock :2020|8|24-00012', 0, '2020-08-24', 63940, 0, '2020-08-24 13:34:18', '2020-08-24 13:34:18', NULL, NULL, NULL, NULL, NULL, NULL, NULL, NULL, NULL),
(13, 20, NULL, NULL, 1, 1, 'Stock :2020|8|24-00013', 0, '2020-08-24', 57120, 0, '2020-08-24 13:38:29', '2020-08-24 13:38:29', NULL, NULL, NULL, NULL, NULL, NULL, NULL, NULL, NULL),
(14, 21, NULL, NULL, 1, 1, 'Stock :2020|8|24-00014', 0, '2020-08-24', 73530, 0, '2020-08-24 13:44:55', '2020-08-24 13:44:55', NULL, NULL, NULL, NULL, NULL, NULL, NULL, NULL, NULL),
(15, 22, NULL, NULL, 1, 1, 'Stock :2020|8|24-00015', 0, '2020-08-24', 23220, 0, '2020-08-24 13:58:26', '2020-08-24 13:58:26', NULL, NULL, NULL, NULL, NULL, NULL, NULL, NULL, NULL),
(16, 23, NULL, NULL, 1, 1, 'Stock :2020|8|24-00016', 0, '2020-08-24', 23220, 0, '2020-08-24 14:00:06', '2020-08-24 14:00:06', NULL, NULL, NULL, NULL, NULL, NULL, NULL, NULL, NULL),
(17, 24, NULL, NULL, 1, 1, 'Stock :2020|8|24-00017', 0, '2020-08-24', 23220, 0, '2020-08-24 14:01:49', '2020-08-24 14:01:49', NULL, NULL, NULL, NULL, NULL, NULL, NULL, NULL, NULL),
(18, 25, NULL, NULL, 1, 1, 'Stock :2020|8|24-00018', 0, '2020-08-24', 21420, 0, '2020-08-24 14:05:06', '2020-08-24 14:05:06', NULL, NULL, NULL, NULL, NULL, NULL, NULL, NULL, NULL),
(19, 26, NULL, NULL, 1, 1, 'Stock :2020|8|24-00019', 0, '2020-08-24', 21420, 0, '2020-08-24 16:20:21', '2020-08-24 16:20:21', NULL, NULL, NULL, NULL, NULL, NULL, NULL, NULL, NULL),
(20, 27, NULL, NULL, 1, 1, 'Stock :2020|8|25-00020', 0, '2020-08-24', 75060, 0, '2020-08-25 09:53:40', '2020-08-25 09:53:40', NULL, NULL, NULL, NULL, NULL, NULL, NULL, NULL, NULL);


--
-- Dumping data for table `stock_items`
--

INSERT INTO `stock_items` (`id`, `stock_id`, `grn_item_id`, `invoice_item_id`, `customer_return_note_item_id`, `item_code_id`, `commit`, `item_code`, `item_unit_cost_from_table`, `unit_price`, `created_qty`, `tol_qty`, `total`, `is_open_stock`, `company_division_id`, `company_id`, `created_at`, `updated_at`, `userdef1`, `userdef2`, `userdef3`, `userdef4`, `userdef5`, `userdef6`, `userdef7`, `userdef8`, `userdef9`) VALUES
(1, 1, 9, NULL, NULL, 1, 1, 'DOD01BgR', 500, 1290, 3, 3, 3870, 0, 1, 1, '2020-08-24 11:36:47', '2020-08-24 11:36:47', NULL, NULL, NULL, NULL, NULL, NULL, NULL, NULL, NULL),
(2, 1, 10, NULL, NULL, 4, 1, 'DOD01BgR', 500, 1290, 6, 6, 7740, 0, 1, 1, '2020-08-24 11:36:47', '2020-08-24 11:36:47', NULL, NULL, NULL, NULL, NULL, NULL, NULL, NULL, NULL),
(3, 1, 11, NULL, NULL, 2, 1, 'DOD01BgR', 500, 1290, 6, 6, 7740, 0, 1, 1, '2020-08-24 11:36:47', '2020-08-24 11:36:47', NULL, NULL, NULL, NULL, NULL, NULL, NULL, NULL, NULL),
(4, 1, 12, NULL, NULL, 3, 1, 'DOD01BgR', 500, 1290, 3, 3, 3870, 0, 1, 1, '2020-08-24 11:36:47', '2020-08-24 11:36:47', NULL, NULL, NULL, NULL, NULL, NULL, NULL, NULL, NULL),
(5, 1, 13, NULL, NULL, 5, 1, 'DOD01BR', 500, 1290, 3, 3, 3870, 0, 1, 1, '2020-08-24 11:36:47', '2020-08-24 11:36:47', NULL, NULL, NULL, NULL, NULL, NULL, NULL, NULL, NULL),
(6, 1, 14, NULL, NULL, 6, 1, 'DOD01BR', 500, 1290, 6, 6, 7740, 0, 1, 1, '2020-08-24 11:36:47', '2020-08-24 11:36:47', NULL, NULL, NULL, NULL, NULL, NULL, NULL, NULL, NULL),
(7, 1, 15, NULL, NULL, 7, 1, 'DOD01BR', 500, 1290, 6, 6, 7740, 0, 1, 1, '2020-08-24 11:36:47', '2020-08-24 11:36:47', NULL, NULL, NULL, NULL, NULL, NULL, NULL, NULL, NULL),
(8, 1, 16, NULL, NULL, 8, 1, 'DOD01BR', 500, 1290, 3, 3, 3870, 0, 1, 1, '2020-08-24 11:36:47', '2020-08-24 11:36:47', NULL, NULL, NULL, NULL, NULL, NULL, NULL, NULL, NULL),
(9, 2, 49, NULL, NULL, 9, 1, 'DOD01BgB', 500, 1290, 3, 3, 3870, 0, 1, 1, '2020-08-24 11:40:43', '2020-08-24 11:40:43', NULL, NULL, NULL, NULL, NULL, NULL, NULL, NULL, NULL),
(10, 2, 50, NULL, NULL, 10, 1, 'DOD01BgB', 500, 1290, 6, 6, 7740, 0, 1, 1, '2020-08-24 11:40:43', '2020-08-24 11:40:43', NULL, NULL, NULL, NULL, NULL, NULL, NULL, NULL, NULL),
(11, 2, 51, NULL, NULL, 11, 1, 'DOD01BgB', 500, 1290, 6, 6, 7740, 0, 1, 1, '2020-08-24 11:40:43', '2020-08-24 11:40:43', NULL, NULL, NULL, NULL, NULL, NULL, NULL, NULL, NULL),
(12, 2, 52, NULL, NULL, 12, 1, 'DOD01BgB', 500, 1290, 3, 3, 3870, 0, 1, 1, '2020-08-24 11:40:43', '2020-08-24 11:40:43', NULL, NULL, NULL, NULL, NULL, NULL, NULL, NULL, NULL),
(13, 3, 61, NULL, NULL, 13, 1, 'DOD02Bg', 500, 1290, 7, 7, 9030, 0, 1, 1, '2020-08-24 11:43:40', '2020-08-24 11:43:40', NULL, NULL, NULL, NULL, NULL, NULL, NULL, NULL, NULL),
(14, 3, 62, NULL, NULL, 14, 1, 'DOD02Bg', 500, 1290, 6, 6, 7740, 0, 1, 1, '2020-08-24 11:43:40', '2020-08-24 11:43:40', NULL, NULL, NULL, NULL, NULL, NULL, NULL, NULL, NULL),
(15, 3, 63, NULL, NULL, 15, 1, 'DOD02Bg', 500, 1290, 6, 6, 7740, 0, 1, 1, '2020-08-24 11:43:40', '2020-08-24 11:43:40', NULL, NULL, NULL, NULL, NULL, NULL, NULL, NULL, NULL),
(16, 3, 64, NULL, NULL, 16, 1, 'DOD02Bg', 500, 1290, 5, 5, 6450, 0, 1, 1, '2020-08-24 11:43:40', '2020-08-24 11:43:40', NULL, NULL, NULL, NULL, NULL, NULL, NULL, NULL, NULL),
(17, 3, 65, NULL, NULL, 17, 1, 'DOD02A', 500, 1290, 7, 7, 9030, 0, 1, 1, '2020-08-24 11:43:40', '2020-08-24 11:43:40', NULL, NULL, NULL, NULL, NULL, NULL, NULL, NULL, NULL),
(18, 3, 66, NULL, NULL, 18, 1, 'DOD02A', 500, 1290, 6, 6, 7740, 0, 1, 1, '2020-08-24 11:43:40', '2020-08-24 11:43:40', NULL, NULL, NULL, NULL, NULL, NULL, NULL, NULL, NULL),
(19, 3, 67, NULL, NULL, 19, 1, 'DOD02A', 500, 1290, 5, 5, 6450, 0, 1, 1, '2020-08-24 11:43:40', '2020-08-24 11:43:40', NULL, NULL, NULL, NULL, NULL, NULL, NULL, NULL, NULL),
(20, 3, 68, NULL, NULL, 20, 1, 'DOD02A', 500, 1290, 6, 6, 7740, 0, 1, 1, '2020-08-24 11:43:40', '2020-08-24 11:43:40', NULL, NULL, NULL, NULL, NULL, NULL, NULL, NULL, NULL),
(21, 4, 73, NULL, NULL, 21, 1, 'DOD02R', 500, 1290, 6, 6, 7740, 0, 1, 1, '2020-08-24 11:44:35', '2020-08-24 11:44:35', NULL, NULL, NULL, NULL, NULL, NULL, NULL, NULL, NULL),
(22, 4, 74, NULL, NULL, 22, 1, 'DOD02R', 500, 1290, 6, 6, 7740, 0, 1, 1, '2020-08-24 11:44:35', '2020-08-24 11:44:35', NULL, NULL, NULL, NULL, NULL, NULL, NULL, NULL, NULL),
(23, 4, 75, NULL, NULL, 23, 1, 'DOD02R', 500, 1290, 6, 6, 7740, 0, 1, 1, '2020-08-24 11:44:35', '2020-08-24 11:44:35', NULL, NULL, NULL, NULL, NULL, NULL, NULL, NULL, NULL),
(24, 4, 76, NULL, NULL, 24, 1, 'DOD02R', 500, 1290, 6, 6, 7740, 0, 1, 1, '2020-08-24 11:44:35', '2020-08-24 11:44:35', NULL, NULL, NULL, NULL, NULL, NULL, NULL, NULL, NULL),
(25, 5, 82, NULL, NULL, 25, 1, 'DOD03B', 500, 1290, 6, 6, 7740, 0, 1, 1, '2020-08-24 11:47:19', '2020-08-24 11:47:19', NULL, NULL, NULL, NULL, NULL, NULL, NULL, NULL, NULL),
(26, 5, 83, NULL, NULL, 26, 1, 'DOD03B', 500, 1290, 6, 6, 7740, 0, 1, 1, '2020-08-24 11:47:19', '2020-08-24 11:47:19', NULL, NULL, NULL, NULL, NULL, NULL, NULL, NULL, NULL),
(27, 5, 84, NULL, NULL, 27, 1, 'DOD03B', 500, 1290, 6, 6, 7740, 0, 1, 1, '2020-08-24 11:47:19', '2020-08-24 11:47:19', NULL, NULL, NULL, NULL, NULL, NULL, NULL, NULL, NULL),
(28, 5, 85, NULL, NULL, 28, 1, 'DOD03B', 500, 1290, 3, 3, 3870, 0, 1, 1, '2020-08-24 11:47:19', '2020-08-24 11:47:19', NULL, NULL, NULL, NULL, NULL, NULL, NULL, NULL, NULL),
(29, 5, 86, NULL, NULL, 126, 1, 'DOD03B', 500, 1290, 3, 3, 3870, 0, 1, 1, '2020-08-24 11:47:19', '2020-08-24 11:47:19', NULL, NULL, NULL, NULL, NULL, NULL, NULL, NULL, NULL),
(30, 6, 91, NULL, NULL, 38, 1, 'DOP04B', 500, 1290, 3, 3, 3870, 0, 1, 1, '2020-08-24 12:09:54', '2020-08-24 12:09:54', NULL, NULL, NULL, NULL, NULL, NULL, NULL, NULL, NULL),
(31, 6, 92, NULL, NULL, 39, 1, 'DOP04B', 500, 1290, 6, 6, 7740, 0, 1, 1, '2020-08-24 12:09:54', '2020-08-24 12:09:54', NULL, NULL, NULL, NULL, NULL, NULL, NULL, NULL, NULL),
(32, 6, 93, NULL, NULL, 40, 1, 'DOP04B', 500, 1290, 6, 6, 7740, 0, 1, 1, '2020-08-24 12:09:54', '2020-08-24 12:09:54', NULL, NULL, NULL, NULL, NULL, NULL, NULL, NULL, NULL),
(33, 6, 94, NULL, NULL, 41, 1, 'DOP04B', 500, 1290, 3, 3, 3870, 0, 1, 1, '2020-08-24 12:09:54', '2020-08-24 12:09:54', NULL, NULL, NULL, NULL, NULL, NULL, NULL, NULL, NULL),
(34, 7, 99, NULL, NULL, 50, 1, 'DOJ05Y', 500, 1390, 6, 6, 8340, 0, 1, 1, '2020-08-24 12:11:37', '2020-08-24 12:11:37', NULL, NULL, NULL, NULL, NULL, NULL, NULL, NULL, NULL),
(35, 7, 100, NULL, NULL, 51, 1, 'DOJ05Y', 500, 1390, 6, 6, 8340, 0, 1, 1, '2020-08-24 12:11:37', '2020-08-24 12:11:37', NULL, NULL, NULL, NULL, NULL, NULL, NULL, NULL, NULL),
(36, 7, 101, NULL, NULL, 52, 1, 'DOJ05Y', 500, 1390, 6, 6, 8340, 0, 1, 1, '2020-08-24 12:11:37', '2020-08-24 12:11:37', NULL, NULL, NULL, NULL, NULL, NULL, NULL, NULL, NULL),
(37, 7, 102, NULL, NULL, 53, 1, 'DOJ05Y', 500, 1390, 6, 6, 8340, 0, 1, 1, '2020-08-24 12:11:38', '2020-08-24 12:11:38', NULL, NULL, NULL, NULL, NULL, NULL, NULL, NULL, NULL),
(38, 8, 108, NULL, NULL, 74, 1, 'DOD07B', 500, 1190, 3, 3, 3570, 0, 1, 1, '2020-08-24 12:13:16', '2020-08-24 12:13:16', NULL, NULL, NULL, NULL, NULL, NULL, NULL, NULL, NULL),
(39, 8, 109, NULL, NULL, 75, 1, 'DOD07B', 500, 1190, 6, 6, 7140, 0, 1, 1, '2020-08-24 12:13:16', '2020-08-24 12:13:16', NULL, NULL, NULL, NULL, NULL, NULL, NULL, NULL, NULL),
(40, 8, 110, NULL, NULL, 76, 1, 'DOD07B', 500, 1190, 6, 6, 7140, 0, 1, 1, '2020-08-24 12:13:16', '2020-08-24 12:13:16', NULL, NULL, NULL, NULL, NULL, NULL, NULL, NULL, NULL),
(41, 8, 111, NULL, NULL, 77, 1, 'DOD07B', 500, 1190, 6, 6, 7140, 0, 1, 1, '2020-08-24 12:13:16', '2020-08-24 12:13:16', NULL, NULL, NULL, NULL, NULL, NULL, NULL, NULL, NULL),
(42, 8, 112, NULL, NULL, 78, 1, 'DOD07B', 500, 1190, 3, 3, 3570, 0, 1, 1, '2020-08-24 12:13:16', '2020-08-24 12:13:16', NULL, NULL, NULL, NULL, NULL, NULL, NULL, NULL, NULL),
(43, 9, 118, NULL, NULL, 29, 1, 'DOD03W', 500, 1290, 2, 2, 2580, 0, 1, 1, '2020-08-24 13:23:30', '2020-08-24 13:23:30', NULL, NULL, NULL, NULL, NULL, NULL, NULL, NULL, NULL),
(44, 9, 119, NULL, NULL, 128, 1, 'DOD03W', 500, 1290, 6, 6, 7740, 0, 1, 1, '2020-08-24 13:23:30', '2020-08-24 13:23:30', NULL, NULL, NULL, NULL, NULL, NULL, NULL, NULL, NULL),
(45, 9, 120, NULL, NULL, 30, 1, 'DOD03W', 500, 1290, 5, 5, 6450, 0, 1, 1, '2020-08-24 13:23:30', '2020-08-24 13:23:30', NULL, NULL, NULL, NULL, NULL, NULL, NULL, NULL, NULL),
(46, 9, 121, NULL, NULL, 31, 1, 'DOD03W', 500, 1290, 6, 6, 7740, 0, 1, 1, '2020-08-24 13:23:30', '2020-08-24 13:23:30', NULL, NULL, NULL, NULL, NULL, NULL, NULL, NULL, NULL),
(47, 9, 122, NULL, NULL, 32, 1, 'DOD03W', 500, 1290, 3, 3, 3870, 0, 1, 1, '2020-08-24 13:23:30', '2020-08-24 13:23:30', NULL, NULL, NULL, NULL, NULL, NULL, NULL, NULL, NULL),
(48, 10, 128, NULL, NULL, 33, 1, 'DOD03Y', 500, 1290, 4, 4, 5160, 0, 1, 1, '2020-08-24 13:27:53', '2020-08-24 13:27:53', NULL, NULL, NULL, NULL, NULL, NULL, NULL, NULL, NULL),
(49, 10, 129, NULL, NULL, 34, 1, 'DOD03Y', 500, 1290, 4, 4, 5160, 0, 1, 1, '2020-08-24 13:27:53', '2020-08-24 13:27:53', NULL, NULL, NULL, NULL, NULL, NULL, NULL, NULL, NULL),
(50, 10, 130, NULL, NULL, 35, 1, 'DOD03Y', 500, 1290, 5, 5, 6450, 0, 1, 1, '2020-08-24 13:27:53', '2020-08-24 13:27:53', NULL, NULL, NULL, NULL, NULL, NULL, NULL, NULL, NULL),
(51, 10, 131, NULL, NULL, 36, 1, 'DOD03Y', 500, 1290, 6, 6, 7740, 0, 1, 1, '2020-08-24 13:27:53', '2020-08-24 13:27:53', NULL, NULL, NULL, NULL, NULL, NULL, NULL, NULL, NULL),
(52, 10, 132, NULL, NULL, 37, 1, 'DOD03Y', 500, 1290, 3, 3, 3870, 0, 1, 1, '2020-08-24 13:27:53', '2020-08-24 13:27:53', NULL, NULL, NULL, NULL, NULL, NULL, NULL, NULL, NULL),
(53, 11, 141, NULL, NULL, 42, 1, 'DOP04G', 500, 1290, 3, 3, 3870, 0, 1, 1, '2020-08-24 13:31:30', '2020-08-24 13:31:30', NULL, NULL, NULL, NULL, NULL, NULL, NULL, NULL, NULL),
(54, 11, 142, NULL, NULL, 43, 1, 'DOP04G', 500, 1290, 6, 6, 7740, 0, 1, 1, '2020-08-24 13:31:30', '2020-08-24 13:31:30', NULL, NULL, NULL, NULL, NULL, NULL, NULL, NULL, NULL),
(55, 11, 143, NULL, NULL, 44, 1, 'DOP04G', 500, 1290, 6, 6, 7740, 0, 1, 1, '2020-08-24 13:31:30', '2020-08-24 13:31:30', NULL, NULL, NULL, NULL, NULL, NULL, NULL, NULL, NULL),
(56, 11, 144, NULL, NULL, 45, 1, 'DOP04G', 500, 1290, 3, 3, 3870, 0, 1, 1, '2020-08-24 13:31:30', '2020-08-24 13:31:30', NULL, NULL, NULL, NULL, NULL, NULL, NULL, NULL, NULL),
(57, 11, 145, NULL, NULL, 46, 1, 'DOP04Bg', 500, 1290, 3, 3, 3870, 0, 1, 1, '2020-08-24 13:31:30', '2020-08-24 13:31:30', NULL, NULL, NULL, NULL, NULL, NULL, NULL, NULL, NULL),
(58, 11, 146, NULL, NULL, 47, 1, 'DOP04Bg', 500, 1290, 6, 6, 7740, 0, 1, 1, '2020-08-24 13:31:30', '2020-08-24 13:31:30', NULL, NULL, NULL, NULL, NULL, NULL, NULL, NULL, NULL),
(59, 11, 147, NULL, NULL, 48, 1, 'DOP04Bg', 500, 1290, 6, 6, 7740, 0, 1, 1, '2020-08-24 13:31:30', '2020-08-24 13:31:30', NULL, NULL, NULL, NULL, NULL, NULL, NULL, NULL, NULL),
(60, 11, 148, NULL, NULL, 49, 1, 'DOP04Bg', 500, 1290, 3, 3, 3870, 0, 1, 1, '2020-08-24 13:31:30', '2020-08-24 13:31:30', NULL, NULL, NULL, NULL, NULL, NULL, NULL, NULL, NULL),
(61, 12, 157, NULL, NULL, 54, 1, 'DOJ05P', 500, 1390, 4, 4, 5560, 0, 1, 1, '2020-08-24 13:34:18', '2020-08-24 13:34:18', NULL, NULL, NULL, NULL, NULL, NULL, NULL, NULL, NULL),
(62, 12, 158, NULL, NULL, 55, 1, 'DOJ05P', 500, 1390, 7, 7, 9730, 0, 1, 1, '2020-08-24 13:34:18', '2020-08-24 13:34:18', NULL, NULL, NULL, NULL, NULL, NULL, NULL, NULL, NULL),
(63, 12, 159, NULL, NULL, 56, 1, 'DOJ05P', 500, 1390, 7, 7, 9730, 0, 1, 1, '2020-08-24 13:34:18', '2020-08-24 13:34:18', NULL, NULL, NULL, NULL, NULL, NULL, NULL, NULL, NULL),
(64, 12, 160, NULL, NULL, 57, 1, 'DOJ05P', 500, 1390, 4, 4, 5560, 0, 1, 1, '2020-08-24 13:34:18', '2020-08-24 13:34:18', NULL, NULL, NULL, NULL, NULL, NULL, NULL, NULL, NULL),
(65, 12, 161, NULL, NULL, 58, 1, 'DOJ05G', 500, 1390, 5, 5, 6950, 0, 1, 1, '2020-08-24 13:34:18', '2020-08-24 13:34:18', NULL, NULL, NULL, NULL, NULL, NULL, NULL, NULL, NULL),
(66, 12, 162, NULL, NULL, 59, 1, 'DOJ05G', 500, 1390, 7, 7, 9730, 0, 1, 1, '2020-08-24 13:34:18', '2020-08-24 13:34:18', NULL, NULL, NULL, NULL, NULL, NULL, NULL, NULL, NULL),
(67, 12, 163, NULL, NULL, 60, 1, 'DOJ05G', 500, 1390, 7, 7, 9730, 0, 1, 1, '2020-08-24 13:34:18', '2020-08-24 13:34:18', NULL, NULL, NULL, NULL, NULL, NULL, NULL, NULL, NULL),
(68, 12, 164, NULL, NULL, 61, 1, 'DOJ05G', 500, 1390, 5, 5, 6950, 0, 1, 1, '2020-08-24 13:34:18', '2020-08-24 13:34:18', NULL, NULL, NULL, NULL, NULL, NULL, NULL, NULL, NULL),
(69, 13, 175, NULL, NULL, 79, 1, 'DOD07G', 500, 1190, 3, 3, 3570, 0, 1, 1, '2020-08-24 13:38:29', '2020-08-24 13:38:29', NULL, NULL, NULL, NULL, NULL, NULL, NULL, NULL, NULL),
(70, 13, 176, NULL, NULL, 80, 1, 'DOD07G', 500, 1190, 6, 6, 7140, 0, 1, 1, '2020-08-24 13:38:29', '2020-08-24 13:38:29', NULL, NULL, NULL, NULL, NULL, NULL, NULL, NULL, NULL),
(71, 13, 177, NULL, NULL, 81, 1, 'DOD07G', 500, 1190, 6, 6, 7140, 0, 1, 1, '2020-08-24 13:38:29', '2020-08-24 13:38:29', NULL, NULL, NULL, NULL, NULL, NULL, NULL, NULL, NULL),
(72, 13, 178, NULL, NULL, 82, 1, 'DOD07G', 500, 1190, 6, 6, 7140, 0, 1, 1, '2020-08-24 13:38:29', '2020-08-24 13:38:29', NULL, NULL, NULL, NULL, NULL, NULL, NULL, NULL, NULL),
(73, 13, 179, NULL, NULL, 83, 1, 'DOD07G', 500, 1190, 3, 3, 3570, 0, 1, 1, '2020-08-24 13:38:29', '2020-08-24 13:38:29', NULL, NULL, NULL, NULL, NULL, NULL, NULL, NULL, NULL),
(74, 13, 180, NULL, NULL, 84, 1, 'DOD07Bg', 500, 1190, 3, 3, 3570, 0, 1, 1, '2020-08-24 13:38:29', '2020-08-24 13:38:29', NULL, NULL, NULL, NULL, NULL, NULL, NULL, NULL, NULL),
(75, 13, 181, NULL, NULL, 85, 1, 'DOD07Bg', 500, 1190, 6, 6, 7140, 0, 1, 1, '2020-08-24 13:38:29', '2020-08-24 13:38:29', NULL, NULL, NULL, NULL, NULL, NULL, NULL, NULL, NULL),
(76, 13, 182, NULL, NULL, 86, 1, 'DOD07Bg', 500, 1190, 6, 6, 7140, 0, 1, 1, '2020-08-24 13:38:29', '2020-08-24 13:38:29', NULL, NULL, NULL, NULL, NULL, NULL, NULL, NULL, NULL),
(77, 13, 183, NULL, NULL, 87, 1, 'DOD07Bg', 500, 1190, 6, 6, 7140, 0, 1, 1, '2020-08-24 13:38:29', '2020-08-24 13:38:29', NULL, NULL, NULL, NULL, NULL, NULL, NULL, NULL, NULL),
(78, 13, 184, NULL, NULL, 88, 1, 'DOD07Bg', 500, 1190, 3, 3, 3570, 0, 1, 1, '2020-08-24 13:38:29', '2020-08-24 13:38:29', NULL, NULL, NULL, NULL, NULL, NULL, NULL, NULL, NULL),
(79, 14, 197, NULL, NULL, 102, 1, 'DOD09R', 500, 1290, 3, 3, 3870, 0, 1, 1, '2020-08-24 13:44:55', '2020-08-24 13:44:55', NULL, NULL, NULL, NULL, NULL, NULL, NULL, NULL, NULL),
(80, 14, 198, NULL, NULL, 103, 1, 'DOD09R', 500, 1290, 6, 6, 7740, 0, 1, 1, '2020-08-24 13:44:55', '2020-08-24 13:44:55', NULL, NULL, NULL, NULL, NULL, NULL, NULL, NULL, NULL),
(81, 14, 199, NULL, NULL, 104, 1, 'DOD09R', 500, 1290, 6, 6, 7740, 0, 1, 1, '2020-08-24 13:44:55', '2020-08-24 13:44:55', NULL, NULL, NULL, NULL, NULL, NULL, NULL, NULL, NULL),
(82, 14, 200, NULL, NULL, 105, 1, 'DOD09R', 500, 1290, 3, 3, 3870, 0, 1, 1, '2020-08-24 13:44:55', '2020-08-24 13:44:55', NULL, NULL, NULL, NULL, NULL, NULL, NULL, NULL, NULL),
(83, 14, 201, NULL, NULL, 106, 1, 'DOD09Br', 500, 1290, 3, 3, 3870, 0, 1, 1, '2020-08-24 13:44:55', '2020-08-24 13:44:55', NULL, NULL, NULL, NULL, NULL, NULL, NULL, NULL, NULL),
(84, 14, 202, NULL, NULL, 107, 1, 'DOD09Br', 500, 1290, 9, 9, 11610, 0, 1, 1, '2020-08-24 13:44:55', '2020-08-24 13:44:55', NULL, NULL, NULL, NULL, NULL, NULL, NULL, NULL, NULL),
(85, 14, 203, NULL, NULL, 108, 1, 'DOD09Br', 500, 1290, 6, 6, 7740, 0, 1, 1, '2020-08-24 13:44:55', '2020-08-24 13:44:55', NULL, NULL, NULL, NULL, NULL, NULL, NULL, NULL, NULL),
(86, 14, 204, NULL, NULL, 109, 1, 'DOD09Br', 500, 1290, 3, 3, 3870, 0, 1, 1, '2020-08-24 13:44:55', '2020-08-24 13:44:55', NULL, NULL, NULL, NULL, NULL, NULL, NULL, NULL, NULL),
(87, 14, 205, NULL, NULL, 110, 1, 'DOD09Bg', 500, 1290, 3, 3, 3870, 0, 1, 1, '2020-08-24 13:44:55', '2020-08-24 13:44:55', NULL, NULL, NULL, NULL, NULL, NULL, NULL, NULL, NULL),
(88, 14, 206, NULL, NULL, 111, 1, 'DOD09Bg', 500, 1290, 6, 6, 7740, 0, 1, 1, '2020-08-24 13:44:55', '2020-08-24 13:44:55', NULL, NULL, NULL, NULL, NULL, NULL, NULL, NULL, NULL),
(89, 14, 207, NULL, NULL, 112, 1, 'DOD09Bg', 500, 1290, 6, 6, 7740, 0, 1, 1, '2020-08-24 13:44:55', '2020-08-24 13:44:55', NULL, NULL, NULL, NULL, NULL, NULL, NULL, NULL, NULL),
(90, 14, 208, NULL, NULL, 113, 1, 'DOD09Bg', 500, 1290, 3, 3, 3870, 0, 1, 1, '2020-08-24 13:44:55', '2020-08-24 13:44:55', NULL, NULL, NULL, NULL, NULL, NULL, NULL, NULL, NULL),
(91, 15, 213, NULL, NULL, 122, 1, 'DOD10Y', 500, 1290, 3, 3, 3870, 0, 1, 1, '2020-08-24 13:58:26', '2020-08-24 13:58:26', NULL, NULL, NULL, NULL, NULL, NULL, NULL, NULL, NULL),
(92, 15, 214, NULL, NULL, 123, 1, 'DOD10Y', 500, 1290, 6, 6, 7740, 0, 1, 1, '2020-08-24 13:58:26', '2020-08-24 13:58:26', NULL, NULL, NULL, NULL, NULL, NULL, NULL, NULL, NULL),
(93, 15, 215, NULL, NULL, 124, 1, 'DOD10Y', 500, 1290, 6, 6, 7740, 0, 1, 1, '2020-08-24 13:58:26', '2020-08-24 13:58:26', NULL, NULL, NULL, NULL, NULL, NULL, NULL, NULL, NULL),
(94, 15, 216, NULL, NULL, 125, 1, 'DOD10Y', 500, 1290, 3, 3, 3870, 0, 1, 1, '2020-08-24 13:58:26', '2020-08-24 13:58:26', NULL, NULL, NULL, NULL, NULL, NULL, NULL, NULL, NULL),
(95, 16, 221, NULL, NULL, 118, 1, 'DOD10Bg', 500, 1290, 3, 3, 3870, 0, 1, 1, '2020-08-24 14:00:06', '2020-08-24 14:00:06', NULL, NULL, NULL, NULL, NULL, NULL, NULL, NULL, NULL),
(96, 16, 222, NULL, NULL, 119, 1, 'DOD10Bg', 500, 1290, 6, 6, 7740, 0, 1, 1, '2020-08-24 14:00:06', '2020-08-24 14:00:06', NULL, NULL, NULL, NULL, NULL, NULL, NULL, NULL, NULL),
(97, 16, 223, NULL, NULL, 120, 1, 'DOD10Bg', 500, 1290, 6, 6, 7740, 0, 1, 1, '2020-08-24 14:00:06', '2020-08-24 14:00:06', NULL, NULL, NULL, NULL, NULL, NULL, NULL, NULL, NULL),
(98, 16, 224, NULL, NULL, 121, 1, 'DOD10Bg', 500, 1290, 3, 3, 3870, 0, 1, 1, '2020-08-24 14:00:06', '2020-08-24 14:00:06', NULL, NULL, NULL, NULL, NULL, NULL, NULL, NULL, NULL),
(99, 17, 233, NULL, NULL, 114, 1, 'DOD10Br', 500, 1290, 3, 3, 3870, 0, 1, 1, '2020-08-24 14:01:49', '2020-08-24 14:01:49', NULL, NULL, NULL, NULL, NULL, NULL, NULL, NULL, NULL),
(100, 17, 234, NULL, NULL, 115, 1, 'DOD10Br', 500, 1290, 6, 6, 7740, 0, 1, 1, '2020-08-24 14:01:49', '2020-08-24 14:01:49', NULL, NULL, NULL, NULL, NULL, NULL, NULL, NULL, NULL),
(101, 17, 235, NULL, NULL, 116, 1, 'DOD10Br', 500, 1290, 6, 6, 7740, 0, 1, 1, '2020-08-24 14:01:49', '2020-08-24 14:01:49', NULL, NULL, NULL, NULL, NULL, NULL, NULL, NULL, NULL),
(102, 17, 236, NULL, NULL, 117, 1, 'DOD10Br', 500, 1290, 3, 3, 3870, 0, 1, 1, '2020-08-24 14:01:49', '2020-08-24 14:01:49', NULL, NULL, NULL, NULL, NULL, NULL, NULL, NULL, NULL),
(103, 18, 241, NULL, NULL, 70, 1, 'DOD06B', 500, 1190, 3, 3, 3570, 0, 1, 1, '2020-08-24 14:05:06', '2020-08-24 14:05:06', NULL, NULL, NULL, NULL, NULL, NULL, NULL, NULL, NULL),
(104, 18, 242, NULL, NULL, 71, 1, 'DOD06B', 500, 1190, 6, 6, 7140, 0, 1, 1, '2020-08-24 14:05:06', '2020-08-24 14:05:06', NULL, NULL, NULL, NULL, NULL, NULL, NULL, NULL, NULL),
(105, 18, 243, NULL, NULL, 72, 1, 'DOD06B', 500, 1190, 6, 6, 7140, 0, 1, 1, '2020-08-24 14:05:06', '2020-08-24 14:05:06', NULL, NULL, NULL, NULL, NULL, NULL, NULL, NULL, NULL),
(106, 18, 244, NULL, NULL, 73, 1, 'DOD06B', 500, 1190, 3, 3, 3570, 0, 1, 1, '2020-08-24 14:05:06', '2020-08-24 14:05:06', NULL, NULL, NULL, NULL, NULL, NULL, NULL, NULL, NULL),
(107, 19, 245, NULL, NULL, 66, 1, 'DOD06P', 500, 1190, 3, 3, 3570, 0, 1, 1, '2020-08-24 16:20:21', '2020-08-24 16:20:21', NULL, NULL, NULL, NULL, NULL, NULL, NULL, NULL, NULL),
(108, 19, 246, NULL, NULL, 67, 1, 'DOD06P', 500, 1190, 6, 6, 7140, 0, 1, 1, '2020-08-24 16:20:21', '2020-08-24 16:20:21', NULL, NULL, NULL, NULL, NULL, NULL, NULL, NULL, NULL),
(109, 19, 247, NULL, NULL, 68, 1, 'DOD06P', 500, 1190, 6, 6, 7140, 0, 1, 1, '2020-08-24 16:20:21', '2020-08-24 16:20:21', NULL, NULL, NULL, NULL, NULL, NULL, NULL, NULL, NULL),
(110, 19, 248, NULL, NULL, 69, 1, 'DOD06P', 500, 1190, 3, 3, 3570, 0, 1, 1, '2020-08-24 16:20:21', '2020-08-24 16:20:21', NULL, NULL, NULL, NULL, NULL, NULL, NULL, NULL, NULL),
(111, 20, 261, NULL, NULL, 89, 1, 'DOD08Bg', 500, 1390, 2, 2, 2780, 0, 1, 1, '2020-08-25 09:53:40', '2020-08-25 09:53:40', NULL, NULL, NULL, NULL, NULL, NULL, NULL, NULL, NULL),
(112, 20, 262, NULL, NULL, 90, 1, 'DOD08Bg', 500, 1390, 7, 7, 9730, 0, 1, 1, '2020-08-25 09:53:40', '2020-08-25 09:53:40', NULL, NULL, NULL, NULL, NULL, NULL, NULL, NULL, NULL),
(113, 20, 263, NULL, NULL, 91, 1, 'DOD08Bg', 500, 1390, 6, 6, 8340, 0, 1, 1, '2020-08-25 09:53:40', '2020-08-25 09:53:40', NULL, NULL, NULL, NULL, NULL, NULL, NULL, NULL, NULL),
(114, 20, 264, NULL, NULL, 92, 1, 'DOD08Bg', 500, 1390, 3, 3, 4170, 0, 1, 1, '2020-08-25 09:53:40', '2020-08-25 09:53:40', NULL, NULL, NULL, NULL, NULL, NULL, NULL, NULL, NULL),
(115, 20, 265, NULL, NULL, 93, 1, 'DOD08BL', 500, 1390, 3, 3, 4170, 0, 1, 1, '2020-08-25 09:53:40', '2020-08-25 09:53:40', NULL, NULL, NULL, NULL, NULL, NULL, NULL, NULL, NULL),
(116, 20, 266, NULL, NULL, 94, 1, 'DOD08BL', 500, 1390, 6, 6, 8340, 0, 1, 1, '2020-08-25 09:53:40', '2020-08-25 09:53:40', NULL, NULL, NULL, NULL, NULL, NULL, NULL, NULL, NULL),
(117, 20, 267, NULL, NULL, 95, 1, 'DOD08BL', 500, 1390, 6, 6, 8340, 0, 1, 1, '2020-08-25 09:53:40', '2020-08-25 09:53:40', NULL, NULL, NULL, NULL, NULL, NULL, NULL, NULL, NULL),
(118, 20, 268, NULL, NULL, 97, 1, 'DOD08BL', 500, 1390, 3, 3, 4170, 0, 1, 1, '2020-08-25 09:53:40', '2020-08-25 09:53:40', NULL, NULL, NULL, NULL, NULL, NULL, NULL, NULL, NULL),
(119, 20, 269, NULL, NULL, 98, 1, 'DOD08B', 500, 1390, 3, 3, 4170, 0, 1, 1, '2020-08-25 09:53:40', '2020-08-25 09:53:40', NULL, NULL, NULL, NULL, NULL, NULL, NULL, NULL, NULL),
(120, 20, 270, NULL, NULL, 99, 1, 'DOD08B', 500, 1390, 7, 7, 9730, 0, 1, 1, '2020-08-25 09:53:40', '2020-08-25 09:53:40', NULL, NULL, NULL, NULL, NULL, NULL, NULL, NULL, NULL),
(121, 20, 271, NULL, NULL, 100, 1, 'DOD08B', 500, 1390, 5, 5, 6950, 0, 1, 1, '2020-08-25 09:53:40', '2020-08-25 09:53:40', NULL, NULL, NULL, NULL, NULL, NULL, NULL, NULL, NULL),
(122, 20, 272, NULL, NULL, 101, 1, 'DOD08B', 500, 1390, 3, 3, 4170, 0, 1, 1, '2020-08-25 09:53:40', '2020-08-25 09:53:40', NULL, NULL, NULL, NULL, NULL, NULL, NULL, NULL, NULL);
